return_id,order_id,order_item_id,return_date,return_reason,refund_amount_eur,return_status
R0000001,O0000004,I00000004,2025-10-18,wrong_size,28.06,approved
R0000002,O0000020,I00000028,2025-11-22,changed_mind,189.83,approved
R0000003,O0000022,I00000033,2023-05-01,late_delivery,14.36,rejected
R0000004,O0000031,I00000049,2023-02-28,not_as_expected,94.3,approved
R0000005,O0000036,I00000059,2025-06-19,late_delivery,145.58,approved
R0000006,O0000085,I00000156,2023-05-28,not_as_expected,78.3,approved
R0000007,O0000088,I00000160,2025-12-04,damaged,174.5,approved
R0000008,O0000094,I00000173,2025-10-13,damaged,13.72,approved
R0000009,O0000098,I00000185,2025-03-19,wrong_size,37.92,approved
R0000010,O0000139,I00000269,2024-10-27,damaged,185.12,approved
R0000011,O0000155,I00000299,2024-01-21,damaged,96.4,approved
R0000012,O0000158,I00000305,2023-08-15,not_as_expected,68.4,approved
R0000013,O0000160,I00000309,2024-06-23,not_as_expected,70.14,approved
R0000014,O0000176,I00000337,2025-09-18,changed_mind,3.46,approved
R0000015,O0000180,I00000342,2025-01-01,changed_mind,44.21,approved
R0000016,O0000208,I00000406,2024-01-21,changed_mind,70.9,approved
R0000017,O0000211,I00000410,2023-11-05,not_as_expected,18.16,rejected
R0000018,O0000216,I00000417,2024-07-02,wrong_size,34.81,approved
R0000019,O0000225,I00000439,2024-01-01,not_as_expected,66.46,approved
R0000020,O0000244,I00000479,2024-03-14,changed_mind,274.33,approved
R0000021,O0000246,I00000481,2023-08-10,changed_mind,697.99,approved
R0000022,O0000258,I00000502,2024-06-27,changed_mind,9.55,approved
R0000023,O0000264,I00000512,2023-05-26,late_delivery,123,rejected
R0000024,O0000268,I00000519,2023-08-27,not_as_expected,20.82,approved
R0000025,O0000281,I00000544,2024-12-16,not_as_expected,248.26,approved
R0000026,O0000300,I00000590,2025-08-16,damaged,20.18,approved
R0000027,O0000306,I00000600,2025-02-15,damaged,200.69,rejected
R0000028,O0000312,I00000614,2025-09-23,changed_mind,4.24,approved
R0000029,O0000321,I00000631,2025-06-01,wrong_size,96.16,approved
R0000030,O0000328,I00000646,2024-04-06,not_as_expected,22.59,approved
R0000031,O0000335,I00000662,2023-06-26,damaged,27.11,approved
R0000032,O0000386,I00000764,2023-12-21,changed_mind,80.3,approved
R0000033,O0000389,I00000772,2026-01-21,changed_mind,188.47,approved
R0000034,O0000390,I00000773,2024-07-19,changed_mind,216.59,approved
R0000035,O0000393,I00000782,2023-10-10,damaged,184.41,approved
R0000036,O0000420,I00000831,2024-03-28,damaged,31.52,approved
R0000037,O0000424,I00000839,2023-11-13,damaged,166.96,approved
R0000038,O0000425,I00000842,2023-08-31,damaged,104.32,approved
R0000039,O0000432,I00000857,2024-12-27,not_as_expected,9.83,approved
R0000040,O0000437,I00000870,2024-04-16,damaged,81.85,approved
R0000041,O0000439,I00000874,2023-08-14,not_as_expected,5.2,approved
R0000042,O0000443,I00000887,2024-12-11,damaged,82.72,approved
R0000043,O0000453,I00000906,2023-09-18,late_delivery,12.49,approved
R0000044,O0000459,I00000921,2024-05-01,damaged,11.35,approved
R0000045,O0000461,I00000925,2024-06-06,wrong_size,657.04,approved
R0000046,O0000463,I00000927,2024-02-10,wrong_size,35.28,approved
R0000047,O0000479,I00000960,2024-05-24,changed_mind,10.25,approved
R0000048,O0000481,I00000965,2025-10-03,damaged,57.25,approved
R0000049,O0000500,I00001002,2024-12-04,not_as_expected,205.34,approved
R0000050,O0000510,I00001022,2023-11-04,not_as_expected,73.59,approved
R0000051,O0000523,I00001048,2023-04-14,not_as_expected,30.88,approved
R0000052,O0000553,I00001103,2024-11-11,not_as_expected,69.41,approved
R0000053,O0000599,I00001204,2023-05-13,wrong_size,18.75,approved
R0000054,O0000612,I00001228,2023-05-01,not_as_expected,39.4,approved
R0000055,O0000616,I00001235,2024-09-08,wrong_size,39.41,approved
R0000056,O0000625,I00001257,2024-11-10,not_as_expected,18.55,approved
R0000057,O0000650,I00001305,2024-09-28,damaged,162.88,approved
R0000058,O0000672,I00001344,2024-04-03,not_as_expected,110.01,rejected
R0000059,O0000684,I00001372,2024-11-07,late_delivery,212.26,approved
R0000060,O0000690,I00001390,2023-12-10,not_as_expected,71.22,approved
R0000061,O0000701,I00001414,2025-12-25,not_as_expected,10.2,approved
R0000062,O0000718,I00001453,2024-04-09,damaged,15.18,approved
R0000063,O0000742,I00001497,2024-04-04,not_as_expected,1576.34,approved
R0000064,O0000747,I00001507,2025-01-01,damaged,64.1,approved
R0000065,O0000765,I00001540,2025-03-17,wrong_size,55.02,approved
R0000066,O0000770,I00001552,2023-09-11,changed_mind,27.42,approved
R0000067,O0000779,I00001571,2025-11-18,not_as_expected,133.1,approved
R0000068,O0000781,I00001575,2025-08-07,damaged,4.63,approved
R0000069,O0000785,I00001582,2025-12-25,not_as_expected,164.16,approved
R0000070,O0000797,I00001603,2025-12-27,wrong_size,67.51,approved
R0000071,O0000799,I00001605,2025-02-26,damaged,28.05,approved
R0000072,O0000801,I00001609,2025-07-12,damaged,103.65,approved
R0000073,O0000821,I00001654,2024-12-22,damaged,1044.82,approved
R0000074,O0000842,I00001702,2024-01-03,not_as_expected,77.34,approved
R0000075,O0000864,I00001752,2023-01-20,wrong_size,4.37,approved
R0000076,O0000872,I00001768,2024-12-08,not_as_expected,101.58,approved
R0000077,O0000876,I00001777,2023-08-22,changed_mind,13.69,approved
R0000078,O0000893,I00001808,2025-07-16,not_as_expected,4.14,approved
R0000079,O0000911,I00001843,2023-05-24,changed_mind,242.02,rejected
R0000080,O0000926,I00001873,2024-08-29,late_delivery,59.46,approved
R0000081,O0000931,I00001886,2023-11-12,late_delivery,43.52,approved
R0000082,O0000934,I00001891,2023-10-07,wrong_size,51.9,approved
R0000083,O0000952,I00001925,2025-10-25,changed_mind,79.78,approved
R0000084,O0001001,I00002029,2024-04-08,damaged,23.6,approved
R0000085,O0001006,I00002042,2024-11-18,not_as_expected,1695.87,approved
R0000086,O0001011,I00002048,2023-04-05,wrong_size,57.63,approved
R0000087,O0001018,I00002062,2023-10-25,not_as_expected,426.4,rejected
R0000088,O0001022,I00002071,2023-10-21,changed_mind,79.87,approved
R0000089,O0001034,I00002093,2025-11-05,not_as_expected,98,approved
R0000090,O0001039,I00002104,2023-07-25,not_as_expected,196.18,approved
R0000091,O0001076,I00002180,2025-09-15,late_delivery,80.17,approved
R0000092,O0001077,I00002182,2024-08-09,wrong_size,98.23,approved
R0000093,O0001080,I00002187,2023-11-12,late_delivery,85.69,approved
R0000094,O0001085,I00002195,2024-07-15,damaged,9.9,approved
R0000095,O0001129,I00002282,2023-02-14,not_as_expected,212.45,approved
R0000096,O0001144,I00002312,2025-09-18,damaged,200.95,approved
R0000097,O0001147,I00002316,2023-12-06,not_as_expected,5.84,approved
R0000098,O0001148,I00002319,2024-05-24,changed_mind,99.75,approved
R0000099,O0001160,I00002338,2024-02-22,damaged,22.99,approved
R0000100,O0001164,I00002349,2025-10-18,wrong_size,418.81,approved
R0000101,O0001186,I00002397,2025-06-02,damaged,216.11,approved
R0000102,O0001216,I00002452,2023-06-10,wrong_size,118.39,approved
R0000103,O0001232,I00002477,2024-07-12,late_delivery,1146.18,approved
R0000104,O0001238,I00002489,2025-10-11,not_as_expected,89.62,approved
R0000105,O0001240,I00002495,2024-01-26,wrong_size,7.9,approved
R0000106,O0001244,I00002501,2023-08-21,wrong_size,66.68,approved
R0000107,O0001249,I00002510,2023-01-27,not_as_expected,97.78,approved
R0000108,O0001261,I00002535,2024-03-02,damaged,26.82,approved
R0000109,O0001278,I00002563,2024-07-13,wrong_size,57.22,approved
R0000110,O0001281,I00002571,2023-09-28,wrong_size,182.42,approved
R0000111,O0001292,I00002589,2024-11-27,not_as_expected,30.33,approved
R0000112,O0001293,I00002590,2025-02-13,changed_mind,73.94,approved
R0000113,O0001297,I00002599,2024-09-22,wrong_size,56.46,approved
R0000114,O0001325,I00002653,2024-11-08,damaged,46.8,approved
R0000115,O0001326,I00002656,2023-11-26,not_as_expected,187.5,approved
R0000116,O0001327,I00002659,2024-07-28,damaged,7.83,approved
R0000117,O0001351,I00002697,2024-01-26,not_as_expected,3.26,rejected
R0000118,O0001359,I00002716,2024-12-23,wrong_size,43.03,approved
R0000119,O0001405,I00002799,2025-07-03,changed_mind,6.87,approved
R0000120,O0001412,I00002819,2025-03-18,not_as_expected,9.39,approved
R0000121,O0001413,I00002820,2025-06-01,damaged,14.1,approved
R0000122,O0001441,I00002878,2023-03-20,damaged,49.43,approved
R0000123,O0001459,I00002912,2023-04-14,wrong_size,79.77,approved
R0000124,O0001461,I00002914,2023-12-15,damaged,11.56,approved
R0000125,O0001478,I00002941,2024-03-16,not_as_expected,66.5,approved
R0000126,O0001516,I00003028,2025-12-06,damaged,11.5,approved
R0000127,O0001522,I00003041,2024-02-15,not_as_expected,100.23,approved
R0000128,O0001535,I00003062,2025-04-04,late_delivery,193.64,approved
R0000129,O0001536,I00003064,2024-12-16,not_as_expected,10.23,approved
R0000130,O0001553,I00003095,2024-07-24,damaged,41.78,rejected
R0000131,O0001568,I00003123,2025-02-25,wrong_size,59.35,approved
R0000132,O0001573,I00003129,2023-07-11,changed_mind,7.41,approved
R0000133,O0001575,I00003132,2025-01-04,not_as_expected,47.41,approved
R0000134,O0001604,I00003194,2025-11-13,late_delivery,94.89,rejected
R0000135,O0001615,I00003221,2023-09-07,not_as_expected,68.36,approved
R0000136,O0001621,I00003234,2024-12-06,changed_mind,8.11,approved
R0000137,O0001633,I00003263,2023-10-08,changed_mind,63.88,approved
R0000138,O0001675,I00003336,2024-02-02,changed_mind,36.74,approved
R0000139,O0001708,I00003410,2025-12-21,not_as_expected,81.5,approved
R0000140,O0001722,I00003442,2025-07-09,late_delivery,45.45,approved
R0000141,O0001739,I00003475,2025-09-11,wrong_size,24.2,approved
R0000142,O0001751,I00003497,2024-04-08,late_delivery,41.93,approved
R0000143,O0001756,I00003511,2024-03-08,not_as_expected,497.47,approved
R0000144,O0001757,I00003512,2023-03-21,damaged,41.9,approved
R0000145,O0001771,I00003547,2024-02-22,changed_mind,66.64,approved
R0000146,O0001772,I00003548,2024-07-13,not_as_expected,93.38,approved
R0000147,O0001779,I00003562,2023-10-20,changed_mind,338.04,approved
R0000148,O0001780,I00003565,2025-05-30,late_delivery,52.66,approved
R0000149,O0001784,I00003574,2024-07-04,wrong_size,35.12,approved
R0000150,O0001800,I00003604,2025-05-07,not_as_expected,61.96,approved
R0000151,O0001808,I00003626,2024-09-09,damaged,26.94,approved
R0000152,O0001809,I00003627,2024-08-27,not_as_expected,72.95,approved
R0000153,O0001826,I00003657,2024-10-29,damaged,161.92,rejected
R0000154,O0001832,I00003668,2025-12-17,not_as_expected,134.39,approved
R0000155,O0001845,I00003695,2024-05-19,changed_mind,90.3,approved
R0000156,O0001884,I00003764,2025-12-15,damaged,45.68,approved
R0000157,O0001890,I00003774,2023-02-11,wrong_size,62.29,approved
R0000158,O0001928,I00003841,2026-01-15,damaged,4,approved
R0000159,O0001945,I00003876,2023-03-10,damaged,212,approved
R0000160,O0001952,I00003890,2024-02-19,damaged,303.9,approved
R0000161,O0001958,I00003906,2024-10-06,damaged,70.95,approved
R0000162,O0001961,I00003912,2025-05-06,damaged,583.55,approved
R0000163,O0002016,I00004016,2024-05-15,damaged,10.25,approved
R0000164,O0002028,I00004036,2025-08-17,not_as_expected,81.96,approved
R0000165,O0002035,I00004049,2023-10-07,damaged,190.91,approved
R0000166,O0002084,I00004127,2024-03-21,wrong_size,132.96,approved
R0000167,O0002085,I00004128,2024-07-31,not_as_expected,5.85,rejected
R0000168,O0002103,I00004161,2025-10-27,late_delivery,62.58,approved
R0000169,O0002109,I00004173,2024-06-25,damaged,6.12,approved
R0000170,O0002124,I00004206,2025-07-02,damaged,81.4,approved
R0000171,O0002131,I00004220,2023-12-06,damaged,10.79,approved
R0000172,O0002133,I00004226,2023-04-05,not_as_expected,3.11,approved
R0000173,O0002148,I00004258,2025-01-26,changed_mind,522.1,approved
R0000174,O0002162,I00004278,2025-12-28,not_as_expected,67.07,approved
R0000175,O0002164,I00004287,2023-10-29,changed_mind,79.76,approved
R0000176,O0002177,I00004309,2023-04-29,damaged,99.76,approved
R0000177,O0002189,I00004334,2023-07-10,late_delivery,46.3,approved
R0000178,O0002232,I00004441,2025-03-05,not_as_expected,100.76,approved
R0000179,O0002274,I00004518,2025-12-31,not_as_expected,8.45,approved
R0000180,O0002292,I00004550,2024-12-05,damaged,137.13,approved
R0000181,O0002293,I00004552,2025-05-18,wrong_size,9.81,rejected
R0000182,O0002325,I00004619,2023-12-28,late_delivery,40.12,rejected
R0000183,O0002343,I00004653,2023-07-14,not_as_expected,67.38,approved
R0000184,O0002354,I00004673,2023-11-06,late_delivery,36.4,rejected
R0000185,O0002370,I00004705,2024-11-15,damaged,11.96,approved
R0000186,O0002372,I00004708,2025-08-21,changed_mind,46.24,approved
R0000187,O0002379,I00004720,2025-04-04,late_delivery,51,approved
R0000188,O0002394,I00004752,2023-03-02,not_as_expected,42.64,approved
R0000189,O0002402,I00004768,2025-12-01,late_delivery,86.77,approved
R0000190,O0002408,I00004780,2024-05-29,not_as_expected,264.2,approved
R0000191,O0002423,I00004805,2023-09-09,changed_mind,263.48,approved
R0000192,O0002426,I00004809,2024-08-04,changed_mind,10.7,approved
R0000193,O0002445,I00004854,2025-11-10,wrong_size,99.09,approved
R0000194,O0002448,I00004858,2023-01-21,late_delivery,62.26,approved
R0000195,O0002474,I00004907,2024-05-28,not_as_expected,19.35,approved
R0000196,O0002485,I00004928,2024-09-26,not_as_expected,1.55,approved
R0000197,O0002487,I00004930,2023-01-31,changed_mind,36.11,approved
R0000198,O0002499,I00004954,2023-03-02,damaged,9.81,approved
R0000199,O0002523,I00005011,2025-05-10,not_as_expected,43.42,approved
R0000200,O0002545,I00005047,2025-10-19,wrong_size,55.84,approved
R0000201,O0002550,I00005059,2023-07-23,damaged,285.81,approved
R0000202,O0002554,I00005067,2025-12-28,changed_mind,133.5,rejected
R0000203,O0002597,I00005149,2023-12-02,late_delivery,270.75,approved
R0000204,O0002598,I00005153,2023-04-16,late_delivery,186.07,approved
R0000205,O0002604,I00005164,2023-12-30,not_as_expected,27.01,approved
R0000206,O0002653,I00005262,2024-02-28,wrong_size,57.46,approved
R0000207,O0002665,I00005283,2024-12-24,late_delivery,66.94,approved
R0000208,O0002669,I00005288,2023-04-27,late_delivery,74.27,approved
R0000209,O0002685,I00005316,2025-10-26,wrong_size,80.46,approved
R0000210,O0002686,I00005319,2023-09-14,changed_mind,151.86,approved
R0000211,O0002742,I00005429,2024-12-04,late_delivery,60.54,approved
R0000212,O0002781,I00005499,2025-06-09,not_as_expected,174.74,approved
R0000213,O0002785,I00005506,2024-12-12,late_delivery,81.24,approved
R0000214,O0002809,I00005554,2024-11-04,not_as_expected,660.23,approved
R0000215,O0002818,I00005576,2025-01-06,damaged,5.01,approved
R0000216,O0002830,I00005604,2024-08-31,not_as_expected,329.26,approved
R0000217,O0002839,I00005620,2025-08-03,not_as_expected,90.58,approved
R0000218,O0002857,I00005665,2023-06-23,late_delivery,7.97,approved
R0000219,O0002861,I00005674,2024-04-21,changed_mind,71.12,rejected
R0000220,O0002867,I00005687,2023-06-01,not_as_expected,68.65,approved
R0000221,O0002868,I00005692,2025-09-30,changed_mind,104.03,approved
R0000222,O0002894,I00005738,2024-05-20,wrong_size,213.47,approved
R0000223,O0002902,I00005760,2024-01-07,wrong_size,110.32,approved
R0000224,O0002908,I00005774,2024-06-19,not_as_expected,17.56,approved
R0000225,O0002911,I00005778,2025-11-29,not_as_expected,3.88,approved
R0000226,O0002918,I00005788,2024-11-03,not_as_expected,13.27,approved
R0000227,O0002927,I00005811,2024-07-12,not_as_expected,131.69,approved
R0000228,O0002943,I00005838,2024-04-17,late_delivery,102.54,approved
R0000229,O0002957,I00005866,2025-07-05,wrong_size,687.05,rejected
R0000230,O0002968,I00005889,2025-03-07,damaged,117.32,approved
R0000231,O0003004,I00005948,2024-05-16,not_as_expected,103.2,approved
R0000232,O0003036,I00006012,2023-11-06,wrong_size,19.7,approved
R0000233,O0003055,I00006049,2023-08-12,damaged,37.65,approved
R0000234,O0003065,I00006071,2023-08-13,damaged,630.55,approved
R0000235,O0003093,I00006127,2023-11-14,not_as_expected,403.48,approved
R0000236,O0003125,I00006187,2025-06-27,not_as_expected,10.66,approved
R0000237,O0003140,I00006215,2023-05-30,late_delivery,86.28,approved
R0000238,O0003163,I00006260,2025-01-03,late_delivery,47.72,rejected
R0000239,O0003166,I00006263,2023-11-14,damaged,312.33,approved
R0000240,O0003170,I00006270,2023-11-08,changed_mind,11.46,approved
R0000241,O0003211,I00006354,2025-06-24,wrong_size,9.8,approved
R0000242,O0003218,I00006372,2023-04-04,changed_mind,70.6,approved
R0000243,O0003221,I00006379,2023-08-17,changed_mind,89.99,approved
R0000244,O0003227,I00006391,2025-11-10,not_as_expected,46.38,approved
R0000245,O0003230,I00006395,2023-11-20,changed_mind,759.41,approved
R0000246,O0003266,I00006476,2025-07-11,damaged,52.32,approved
R0000247,O0003269,I00006482,2024-01-23,late_delivery,334.81,rejected
R0000248,O0003293,I00006526,2025-02-18,damaged,74.61,approved
R0000249,O0003296,I00006533,2026-01-01,late_delivery,69.74,approved
R0000250,O0003302,I00006546,2024-01-21,late_delivery,192.98,approved
R0000251,O0003321,I00006582,2023-02-14,changed_mind,5.05,approved
R0000252,O0003326,I00006594,2024-11-20,damaged,86.32,approved
R0000253,O0003327,I00006595,2023-12-18,wrong_size,43.99,approved
R0000254,O0003348,I00006640,2023-04-03,not_as_expected,71.19,approved
R0000255,O0003382,I00006700,2025-02-14,not_as_expected,14.05,approved
R0000256,O0003384,I00006708,2024-05-04,damaged,1174.66,rejected
R0000257,O0003393,I00006723,2024-12-11,damaged,54.65,approved
R0000258,O0003402,I00006740,2025-08-04,damaged,135.83,approved
R0000259,O0003429,I00006800,2024-03-23,wrong_size,53.26,approved
R0000260,O0003444,I00006831,2023-08-05,not_as_expected,72.86,approved
R0000261,O0003449,I00006838,2026-01-11,changed_mind,57.4,approved
R0000262,O0003457,I00006855,2025-04-22,damaged,175.56,approved
R0000263,O0003465,I00006876,2026-01-12,damaged,14.7,approved
R0000264,O0003480,I00006912,2024-01-02,late_delivery,399.36,approved
R0000265,O0003487,I00006929,2024-06-16,not_as_expected,53.91,approved
R0000266,O0003489,I00006932,2024-12-12,changed_mind,7.13,approved
R0000267,O0003507,I00006968,2023-05-01,changed_mind,99.79,approved
R0000268,O0003532,I00007018,2024-01-29,changed_mind,70.93,approved
R0000269,O0003539,I00007036,2025-06-23,late_delivery,98.1,approved
R0000270,O0003544,I00007046,2025-11-20,wrong_size,147.66,approved
R0000271,O0003559,I00007079,2023-05-22,changed_mind,94.13,rejected
R0000272,O0003567,I00007092,2024-03-29,damaged,199.68,approved
R0000273,O0003578,I00007114,2025-12-21,changed_mind,344.36,approved
R0000274,O0003585,I00007129,2023-12-12,changed_mind,83.11,approved
R0000275,O0003586,I00007131,2025-05-15,damaged,70.45,approved
R0000276,O0003605,I00007178,2024-01-14,not_as_expected,96.87,approved
R0000277,O0003626,I00007221,2023-06-13,not_as_expected,13.37,approved
R0000278,O0003693,I00007371,2025-10-05,changed_mind,165.37,approved
R0000279,O0003701,I00007387,2024-07-10,not_as_expected,81.61,approved
R0000280,O0003718,I00007426,2023-11-22,wrong_size,73.56,approved
R0000281,O0003719,I00007428,2024-04-05,changed_mind,113.98,approved
R0000282,O0003721,I00007430,2023-08-23,not_as_expected,89.18,approved
R0000283,O0003722,I00007431,2024-08-08,changed_mind,182.58,approved
R0000284,O0003724,I00007434,2023-07-28,changed_mind,37.86,approved
R0000285,O0003728,I00007440,2025-08-19,damaged,79.17,approved
R0000286,O0003732,I00007451,2023-12-10,wrong_size,35.55,approved
R0000287,O0003740,I00007464,2024-08-26,wrong_size,71.74,approved
R0000288,O0003742,I00007466,2024-03-14,not_as_expected,5.42,approved
R0000289,O0003749,I00007480,2023-04-09,not_as_expected,47.7,approved
R0000290,O0003751,I00007484,2023-06-13,damaged,204.21,approved
R0000291,O0003784,I00007547,2025-12-11,wrong_size,770.58,approved
R0000292,O0003787,I00007551,2023-10-04,late_delivery,237.39,approved
R0000293,O0003789,I00007554,2024-09-17,damaged,101.43,rejected
R0000294,O0003795,I00007564,2024-12-16,wrong_size,184.75,approved
R0000295,O0003809,I00007591,2023-04-18,wrong_size,200.56,rejected
R0000296,O0003811,I00007595,2024-02-26,not_as_expected,71.19,rejected
R0000297,O0003812,I00007596,2024-01-08,changed_mind,76.9,approved
R0000298,O0003818,I00007606,2023-09-29,not_as_expected,17.92,approved
R0000299,O0003822,I00007620,2026-01-27,changed_mind,53.44,approved
R0000300,O0003828,I00007635,2024-04-28,not_as_expected,226.65,approved
R0000301,O0003842,I00007667,2024-11-28,wrong_size,122.04,approved
R0000302,O0003847,I00007677,2024-11-04,late_delivery,51.76,approved
R0000303,O0003850,I00007683,2025-12-22,not_as_expected,78.97,rejected
R0000304,O0003856,I00007695,2026-01-17,not_as_expected,72.49,approved
R0000305,O0003858,I00007701,2025-03-12,damaged,8.03,approved
R0000306,O0003864,I00007708,2025-12-05,not_as_expected,131.22,rejected
R0000307,O0003878,I00007746,2024-06-21,not_as_expected,120.4,rejected
R0000308,O0003914,I00007808,2024-04-08,late_delivery,5.2,approved
R0000309,O0003920,I00007816,2025-01-12,wrong_size,16.98,rejected
R0000310,O0003944,I00007877,2025-01-21,damaged,35.71,approved
R0000311,O0003956,I00007908,2024-09-16,not_as_expected,58.17,approved
R0000312,O0003971,I00007935,2023-05-17,damaged,48.16,approved
R0000313,O0003984,I00007964,2023-02-08,damaged,61.97,approved
R0000314,O0004005,I00008006,2025-01-03,wrong_size,31.81,approved
R0000315,O0004037,I00008072,2024-07-03,late_delivery,53.1,approved
R0000316,O0004126,I00008243,2025-06-25,not_as_expected,27.57,approved
R0000317,O0004194,I00008373,2024-12-15,not_as_expected,467.6,approved
R0000318,O0004204,I00008398,2023-05-08,not_as_expected,82.44,approved
R0000319,O0004217,I00008423,2023-05-22,changed_mind,46.29,approved
R0000320,O0004233,I00008458,2025-08-24,wrong_size,76.74,approved
R0000321,O0004234,I00008462,2026-01-10,changed_mind,11.05,approved
R0000322,O0004238,I00008469,2023-12-11,late_delivery,123.92,rejected
R0000323,O0004248,I00008483,2024-09-01,wrong_size,37.92,approved
R0000324,O0004251,I00008492,2023-04-14,changed_mind,197.95,rejected
R0000325,O0004274,I00008534,2025-10-03,wrong_size,92.53,approved
R0000326,O0004277,I00008539,2024-07-16,wrong_size,91.85,approved
R0000327,O0004282,I00008549,2025-02-15,wrong_size,88.13,approved
R0000328,O0004302,I00008583,2024-03-15,wrong_size,76.86,approved
R0000329,O0004336,I00008640,2024-02-23,changed_mind,53.91,approved
R0000330,O0004341,I00008648,2023-08-17,not_as_expected,39.43,approved
R0000331,O0004342,I00008649,2025-10-04,late_delivery,93.54,rejected
R0000332,O0004360,I00008684,2023-02-26,wrong_size,264.5,approved
R0000333,O0004381,I00008733,2023-03-15,wrong_size,39.23,approved
R0000334,O0004387,I00008748,2024-11-27,late_delivery,63.49,approved
R0000335,O0004391,I00008757,2024-04-22,not_as_expected,30.88,approved
R0000336,O0004399,I00008771,2024-01-11,damaged,98.84,approved
R0000337,O0004420,I00008812,2023-02-24,damaged,36.34,approved
R0000338,O0004424,I00008824,2025-02-25,changed_mind,367.47,approved
R0000339,O0004428,I00008830,2025-09-25,damaged,141.24,approved
R0000340,O0004451,I00008869,2025-07-07,late_delivery,27.06,approved
R0000341,O0004511,I00008992,2023-07-04,wrong_size,10.88,approved
R0000342,O0004527,I00009019,2024-03-04,not_as_expected,28.3,approved
R0000343,O0004543,I00009048,2025-04-13,not_as_expected,330,rejected
R0000344,O0004573,I00009104,2024-10-07,wrong_size,112.33,approved
R0000345,O0004587,I00009126,2024-05-18,not_as_expected,4.76,approved
R0000346,O0004608,I00009162,2024-09-06,not_as_expected,28.54,approved
R0000347,O0004644,I00009229,2024-12-26,changed_mind,79.64,approved
R0000348,O0004652,I00009249,2025-02-24,wrong_size,13.19,approved
R0000349,O0004659,I00009261,2025-06-21,wrong_size,60.71,approved
R0000350,O0004669,I00009282,2025-11-10,not_as_expected,5.16,approved
R0000351,O0004671,I00009285,2024-12-22,not_as_expected,48.57,approved
R0000352,O0004687,I00009310,2024-12-14,wrong_size,80.7,approved
R0000353,O0004688,I00009312,2023-04-26,wrong_size,84.17,rejected
R0000354,O0004712,I00009359,2023-12-04,wrong_size,70.06,approved
R0000355,O0004738,I00009415,2024-11-30,damaged,15.74,approved
R0000356,O0004744,I00009433,2024-01-25,damaged,9.83,approved
R0000357,O0004751,I00009448,2023-02-18,late_delivery,9.96,approved
R0000358,O0004773,I00009490,2023-12-03,not_as_expected,97.32,approved
R0000359,O0004777,I00009499,2025-03-01,damaged,107.88,rejected
R0000360,O0004781,I00009505,2023-09-27,wrong_size,42.21,approved
R0000361,O0004792,I00009530,2023-02-04,damaged,333.91,rejected
R0000362,O0004803,I00009547,2024-08-25,damaged,424.95,approved
R0000363,O0004821,I00009586,2023-05-16,changed_mind,164.26,approved
R0000364,O0004838,I00009632,2024-11-30,not_as_expected,13.51,approved
R0000365,O0004841,I00009638,2023-12-04,wrong_size,8.38,approved
R0000366,O0004849,I00009657,2023-10-27,damaged,6.21,approved
R0000367,O0004861,I00009677,2026-01-06,damaged,9.47,approved
R0000368,O0004880,I00009710,2025-03-14,wrong_size,63.39,approved
R0000369,O0004882,I00009713,2023-02-13,not_as_expected,8.2,approved
R0000370,O0004907,I00009754,2023-02-19,wrong_size,23.19,rejected
R0000371,O0004921,I00009778,2025-02-11,not_as_expected,371.71,approved
R0000372,O0004985,I00009901,2023-06-10,not_as_expected,78.34,approved
R0000373,O0004988,I00009908,2024-11-25,wrong_size,9.48,approved
R0000374,O0004989,I00009909,2025-10-18,damaged,105.35,approved
R0000375,O0005006,I00009945,2024-04-06,damaged,14.12,approved
R0000376,O0005021,I00009981,2024-07-03,changed_mind,130.99,approved
R0000377,O0005026,I00009990,2024-04-02,late_delivery,739.44,approved
R0000378,O0005033,I00010007,2025-09-12,damaged,243.51,approved
R0000379,O0005061,I00010060,2025-06-29,damaged,14.65,approved
R0000380,O0005065,I00010066,2025-11-02,changed_mind,51.73,approved
R0000381,O0005066,I00010067,2025-08-12,damaged,241.4,approved
R0000382,O0005083,I00010097,2025-07-05,changed_mind,87.08,approved
R0000383,O0005108,I00010145,2025-04-06,damaged,63.05,approved
R0000384,O0005114,I00010156,2025-12-05,changed_mind,123.31,rejected
R0000385,O0005146,I00010221,2024-06-04,damaged,195.62,approved
R0000386,O0005159,I00010252,2023-04-04,changed_mind,432.3,approved
R0000387,O0005163,I00010260,2024-12-07,damaged,58.76,approved
R0000388,O0005173,I00010286,2025-06-10,changed_mind,324.86,approved
R0000389,O0005185,I00010307,2023-07-01,changed_mind,507.46,approved
R0000390,O0005222,I00010388,2023-12-22,damaged,47.48,approved
R0000391,O0005228,I00010399,2024-08-14,not_as_expected,118.16,rejected
R0000392,O0005229,I00010400,2023-04-09,not_as_expected,9.52,approved
R0000393,O0005235,I00010415,2026-01-10,wrong_size,41.46,approved
R0000394,O0005255,I00010452,2024-10-12,late_delivery,12.39,rejected
R0000395,O0005270,I00010494,2026-01-03,not_as_expected,26.56,approved
R0000396,O0005273,I00010503,2025-04-08,not_as_expected,534.79,approved
R0000397,O0005282,I00010523,2024-03-05,changed_mind,7.09,approved
R0000398,O0005285,I00010527,2024-10-06,wrong_size,234.09,approved
R0000399,O0005315,I00010593,2025-12-20,late_delivery,238.35,approved
R0000400,O0005342,I00010644,2025-03-30,not_as_expected,41.09,approved
R0000401,O0005363,I00010685,2024-12-29,changed_mind,45.59,approved
R0000402,O0005384,I00010732,2025-07-19,late_delivery,97.19,approved
R0000403,O0005391,I00010747,2025-05-22,not_as_expected,153.46,approved
R0000404,O0005396,I00010757,2023-11-20,wrong_size,28.19,approved
R0000405,O0005401,I00010767,2023-10-08,changed_mind,800.08,approved
R0000406,O0005421,I00010808,2025-10-04,wrong_size,156.03,approved
R0000407,O0005443,I00010851,2023-08-19,wrong_size,84.88,rejected
R0000408,O0005454,I00010867,2024-01-29,changed_mind,54.82,approved
R0000409,O0005486,I00010947,2025-12-29,damaged,219.2,approved
R0000410,O0005487,I00010949,2024-01-11,not_as_expected,10.61,approved
R0000411,O0005497,I00010970,2023-12-05,not_as_expected,395.88,approved
R0000412,O0005498,I00010972,2024-11-03,late_delivery,409.4,approved
R0000413,O0005540,I00011061,2025-01-22,late_delivery,12.02,approved
R0000414,O0005551,I00011080,2025-12-27,damaged,72.45,approved
R0000415,O0005560,I00011097,2025-04-09,not_as_expected,116.18,approved
R0000416,O0005565,I00011108,2023-03-22,damaged,184.22,rejected
R0000417,O0005581,I00011138,2024-01-05,late_delivery,9.47,approved
R0000418,O0005584,I00011143,2024-08-13,changed_mind,767.68,approved
R0000419,O0005597,I00011174,2025-12-01,not_as_expected,329.51,approved
R0000420,O0005616,I00011220,2024-12-22,wrong_size,175.46,approved
R0000421,O0005632,I00011259,2023-09-12,late_delivery,46.6,approved
R0000422,O0005650,I00011291,2023-09-22,changed_mind,27.39,approved
R0000423,O0005680,I00011345,2024-12-30,wrong_size,57.17,approved
R0000424,O0005687,I00011359,2025-07-16,wrong_size,496.12,approved
R0000425,O0005698,I00011382,2025-12-08,late_delivery,133.37,approved
R0000426,O0005704,I00011395,2024-01-01,not_as_expected,45.33,approved
R0000427,O0005815,I00011616,2023-10-22,not_as_expected,243.25,approved
R0000428,O0005827,I00011636,2025-11-25,late_delivery,118.39,approved
R0000429,O0005861,I00011704,2024-12-25,late_delivery,40.8,approved
R0000430,O0005870,I00011724,2024-05-20,wrong_size,12.91,approved
R0000431,O0005879,I00011744,2024-01-07,late_delivery,146.44,rejected
R0000432,O0005882,I00011751,2024-03-11,changed_mind,13.65,approved
R0000433,O0005890,I00011766,2023-12-08,late_delivery,588.69,approved
R0000434,O0005914,I00011814,2024-07-16,wrong_size,42.01,approved
R0000435,O0005915,I00011815,2024-06-25,late_delivery,92.35,approved
R0000436,O0005919,I00011825,2023-06-02,changed_mind,18.36,approved
R0000437,O0005967,I00011915,2023-06-16,not_as_expected,8.11,approved
R0000438,O0005987,I00011950,2024-03-27,damaged,1484.86,approved
R0000439,O0005994,I00011967,2024-01-03,not_as_expected,11.12,approved
R0000440,O0006010,I00012007,2024-12-28,wrong_size,88.24,approved
R0000441,O0006025,I00012035,2023-10-30,not_as_expected,136.34,approved
R0000442,O0006028,I00012039,2025-07-20,wrong_size,124.3,approved
R0000443,O0006034,I00012056,2023-12-04,not_as_expected,39.53,approved
R0000444,O0006058,I00012096,2024-10-03,wrong_size,81.45,approved
R0000445,O0006063,I00012107,2024-05-15,not_as_expected,76.96,approved
R0000446,O0006065,I00012111,2025-07-29,late_delivery,70.82,approved
R0000447,O0006066,I00012113,2023-05-07,late_delivery,74.07,approved
R0000448,O0006067,I00012115,2025-02-25,wrong_size,46.17,approved
R0000449,O0006071,I00012122,2024-06-29,damaged,93.16,approved
R0000450,O0006080,I00012137,2024-08-25,changed_mind,358.24,approved
R0000451,O0006082,I00012141,2023-12-03,late_delivery,9.8,approved
R0000452,O0006084,I00012145,2025-07-11,wrong_size,107.38,approved
R0000453,O0006097,I00012167,2023-04-08,changed_mind,147.26,approved
R0000454,O0006109,I00012197,2026-01-12,changed_mind,170.78,approved
R0000455,O0006120,I00012214,2024-03-29,changed_mind,91.45,approved
R0000456,O0006124,I00012219,2024-11-26,changed_mind,226.32,approved
R0000457,O0006144,I00012260,2024-02-09,damaged,193.04,approved
R0000458,O0006146,I00012263,2025-05-13,damaged,248.19,approved
R0000459,O0006155,I00012280,2025-09-21,not_as_expected,145.08,approved
R0000460,O0006172,I00012316,2025-07-10,not_as_expected,6.43,rejected
R0000461,O0006182,I00012337,2023-08-05,changed_mind,217.34,approved
R0000462,O0006189,I00012350,2025-10-21,not_as_expected,192.63,approved
R0000463,O0006194,I00012363,2025-12-30,damaged,11.33,approved
R0000464,O0006215,I00012398,2024-05-19,not_as_expected,74.95,approved
R0000465,O0006221,I00012407,2023-11-10,wrong_size,51.26,approved
R0000466,O0006224,I00012414,2024-12-20,not_as_expected,31,approved
R0000467,O0006231,I00012432,2023-10-02,not_as_expected,68.94,rejected
R0000468,O0006233,I00012435,2024-12-21,damaged,48.79,approved
R0000469,O0006235,I00012439,2025-06-29,not_as_expected,105.06,approved
R0000470,O0006257,I00012497,2024-02-25,damaged,33.62,approved
R0000471,O0006263,I00012513,2024-04-19,wrong_size,62.65,approved
R0000472,O0006276,I00012540,2023-03-12,not_as_expected,150.01,approved
R0000473,O0006294,I00012576,2025-06-30,damaged,127.62,approved
R0000474,O0006306,I00012592,2023-02-09,not_as_expected,105.21,rejected
R0000475,O0006312,I00012599,2025-01-08,damaged,284.6,approved
R0000476,O0006317,I00012611,2024-01-29,damaged,395.04,approved
R0000477,O0006323,I00012621,2023-08-09,changed_mind,207.5,approved
R0000478,O0006332,I00012638,2024-12-01,changed_mind,6.36,approved
R0000479,O0006335,I00012644,2023-05-30,changed_mind,5.01,approved
R0000480,O0006339,I00012651,2025-12-04,not_as_expected,26.61,approved
R0000481,O0006351,I00012667,2024-04-22,wrong_size,81.43,approved
R0000482,O0006368,I00012698,2024-07-01,damaged,131.85,approved
R0000483,O0006371,I00012704,2024-11-27,changed_mind,33.3,approved
R0000484,O0006376,I00012711,2025-04-25,damaged,544.22,approved
R0000485,O0006389,I00012747,2024-08-04,not_as_expected,61.44,approved
R0000486,O0006394,I00012758,2025-06-06,not_as_expected,440.61,approved
R0000487,O0006411,I00012794,2024-09-13,changed_mind,59.66,approved
R0000488,O0006412,I00012796,2025-01-16,changed_mind,62.93,approved
R0000489,O0006413,I00012797,2023-08-24,not_as_expected,129.79,approved
R0000490,O0006417,I00012810,2023-07-01,late_delivery,297.45,approved
R0000491,O0006433,I00012838,2023-08-18,not_as_expected,218.54,approved
R0000492,O0006454,I00012873,2025-01-18,not_as_expected,26.27,approved
R0000493,O0006457,I00012878,2023-05-18,changed_mind,238.34,approved
R0000494,O0006458,I00012881,2024-08-31,not_as_expected,52.44,approved
R0000495,O0006482,I00012930,2023-09-05,late_delivery,432.33,approved
R0000496,O0006492,I00012948,2025-03-18,wrong_size,9.64,approved
R0000497,O0006507,I00012974,2025-07-31,not_as_expected,19.92,approved
R0000498,O0006538,I00013039,2023-02-15,damaged,69.93,rejected
R0000499,O0006603,I00013159,2023-09-18,late_delivery,39.49,approved
R0000500,O0006614,I00013180,2023-03-02,not_as_expected,125.44,approved
R0000501,O0006615,I00013182,2025-02-16,damaged,65.22,approved
R0000502,O0006672,I00013295,2025-05-17,not_as_expected,9.58,approved
R0000503,O0006681,I00013311,2024-12-10,damaged,21.58,approved
R0000504,O0006690,I00013329,2023-04-12,late_delivery,234.69,approved
R0000505,O0006691,I00013330,2024-11-27,not_as_expected,23.45,approved
R0000506,O0006698,I00013345,2025-12-29,changed_mind,11.39,approved
R0000507,O0006714,I00013376,2024-10-19,wrong_size,102.68,approved
R0000508,O0006740,I00013428,2026-01-18,changed_mind,25.67,approved
R0000509,O0006742,I00013434,2024-11-28,changed_mind,14.1,approved
R0000510,O0006745,I00013437,2023-02-28,damaged,45.99,approved
R0000511,O0006772,I00013480,2024-08-23,not_as_expected,95.92,approved
R0000512,O0006796,I00013527,2024-07-04,changed_mind,18.7,approved
R0000513,O0006806,I00013548,2023-03-29,wrong_size,62.81,approved
R0000514,O0006936,I00013820,2023-02-01,damaged,107.79,approved
R0000515,O0006962,I00013874,2024-12-19,changed_mind,70.57,approved
R0000516,O0006985,I00013923,2025-11-26,damaged,14.96,rejected
R0000517,O0007000,I00013953,2025-04-03,not_as_expected,19.66,approved
R0000518,O0007033,I00014022,2025-02-23,wrong_size,498.42,approved
R0000519,O0007045,I00014045,2024-09-25,not_as_expected,125.78,approved
R0000520,O0007046,I00014048,2023-04-20,not_as_expected,74.18,approved
R0000521,O0007076,I00014111,2023-12-31,changed_mind,86.52,approved
R0000522,O0007083,I00014121,2024-11-17,late_delivery,222.92,approved
R0000523,O0007104,I00014168,2025-06-25,late_delivery,89.57,approved
R0000524,O0007111,I00014181,2025-12-02,changed_mind,98.39,approved
R0000525,O0007113,I00014187,2025-11-22,not_as_expected,17.18,rejected
R0000526,O0007114,I00014189,2024-10-23,not_as_expected,10.48,approved
R0000527,O0007124,I00014214,2023-05-10,damaged,35.65,rejected
R0000528,O0007125,I00014217,2025-12-31,damaged,23.1,approved
R0000529,O0007127,I00014219,2024-08-01,changed_mind,24.3,approved
R0000530,O0007129,I00014223,2024-12-09,late_delivery,392.74,rejected
R0000531,O0007146,I00014259,2025-11-21,changed_mind,33.44,rejected
R0000532,O0007164,I00014290,2023-12-21,damaged,13.38,rejected
R0000533,O0007172,I00014311,2024-12-03,damaged,67.37,approved
R0000534,O0007199,I00014358,2024-03-22,damaged,217.58,approved
R0000535,O0007212,I00014376,2023-07-07,damaged,103.66,approved
R0000536,O0007220,I00014392,2023-02-20,late_delivery,310.2,approved
R0000537,O0007223,I00014398,2023-09-13,wrong_size,231.12,approved
R0000538,O0007236,I00014427,2025-08-20,damaged,176.72,approved
R0000539,O0007238,I00014431,2024-06-20,changed_mind,237.51,approved
R0000540,O0007250,I00014458,2023-03-24,not_as_expected,44.02,approved
R0000541,O0007251,I00014460,2024-11-19,not_as_expected,5.45,approved
R0000542,O0007273,I00014501,2024-08-13,late_delivery,81.8,approved
R0000543,O0007290,I00014541,2023-10-04,late_delivery,405.37,approved
R0000544,O0007305,I00014561,2024-09-20,wrong_size,16.44,approved
R0000545,O0007327,I00014611,2023-12-17,not_as_expected,3.72,approved
R0000546,O0007328,I00014612,2025-02-25,late_delivery,66.3,approved
R0000547,O0007363,I00014678,2025-04-09,not_as_expected,661.03,approved
R0000548,O0007371,I00014690,2024-02-10,not_as_expected,256.62,approved
R0000549,O0007397,I00014738,2025-05-20,damaged,233.58,approved
R0000550,O0007433,I00014812,2024-10-10,damaged,196.12,approved
R0000551,O0007447,I00014839,2025-04-17,not_as_expected,67.3,rejected
R0000552,O0007461,I00014869,2025-09-28,damaged,104.57,approved
R0000553,O0007469,I00014884,2025-07-09,not_as_expected,18.1,approved
R0000554,O0007480,I00014908,2023-09-03,not_as_expected,57.43,approved
R0000555,O0007514,I00014972,2023-07-05,wrong_size,10.26,approved
R0000556,O0007518,I00014981,2025-11-19,late_delivery,447.52,approved
R0000557,O0007537,I00015026,2025-10-04,changed_mind,65.45,approved
R0000558,O0007570,I00015088,2023-12-01,wrong_size,17.44,approved
R0000559,O0007572,I00015091,2024-02-24,not_as_expected,2,approved
R0000560,O0007582,I00015106,2025-03-17,wrong_size,287.95,approved
R0000561,O0007583,I00015107,2024-12-07,wrong_size,84.31,approved
R0000562,O0007598,I00015137,2024-06-07,changed_mind,13.52,approved
R0000563,O0007617,I00015176,2025-11-18,wrong_size,55.33,approved
R0000564,O0007619,I00015179,2025-06-08,wrong_size,103.91,approved
R0000565,O0007638,I00015217,2024-11-07,wrong_size,206.78,approved
R0000566,O0007640,I00015222,2024-05-09,late_delivery,81.88,approved
R0000567,O0007661,I00015269,2023-12-05,damaged,41.34,approved
R0000568,O0007673,I00015289,2023-02-17,wrong_size,25.38,rejected
R0000569,O0007687,I00015312,2023-05-22,damaged,732.66,approved
R0000570,O0007689,I00015317,2025-08-23,changed_mind,61.91,approved
R0000571,O0007720,I00015371,2023-08-14,not_as_expected,49.14,approved
R0000572,O0007727,I00015388,2023-08-19,not_as_expected,3.57,approved
R0000573,O0007729,I00015393,2024-01-15,damaged,14.54,approved
R0000574,O0007730,I00015396,2024-09-20,wrong_size,103.38,approved
R0000575,O0007745,I00015429,2025-06-25,not_as_expected,41.55,approved
R0000576,O0007767,I00015465,2023-06-07,changed_mind,561.78,approved
R0000577,O0007771,I00015471,2023-05-11,damaged,210.76,approved
R0000578,O0007774,I00015477,2023-08-01,changed_mind,79.69,approved
R0000579,O0007790,I00015506,2023-04-11,wrong_size,187.9,approved
R0000580,O0007800,I00015530,2024-07-31,not_as_expected,54.08,approved
R0000581,O0007823,I00015572,2025-02-17,damaged,22.14,approved
R0000582,O0007845,I00015609,2024-04-29,not_as_expected,10.16,rejected
R0000583,O0007878,I00015673,2025-08-20,damaged,96.96,approved
R0000584,O0007879,I00015674,2023-11-30,not_as_expected,51.55,approved
R0000585,O0007890,I00015697,2024-12-07,changed_mind,108.17,approved
R0000586,O0007894,I00015704,2025-08-13,not_as_expected,27.28,approved
R0000587,O0007913,I00015745,2023-12-16,late_delivery,6.63,approved
R0000588,O0007915,I00015751,2023-09-13,late_delivery,3.17,approved
R0000589,O0007930,I00015771,2025-05-08,not_as_expected,78.48,approved
R0000590,O0007982,I00015874,2023-12-14,not_as_expected,51.31,rejected
R0000591,O0008008,I00015930,2025-02-03,late_delivery,135.48,approved
R0000592,O0008023,I00015949,2024-01-30,not_as_expected,10.23,approved
R0000593,O0008024,I00015950,2025-07-21,not_as_expected,60.82,approved
R0000594,O0008025,I00015953,2024-11-10,not_as_expected,10.91,approved
R0000595,O0008036,I00015971,2024-07-23,wrong_size,10.28,approved
R0000596,O0008068,I00016028,2024-11-20,damaged,8,approved
R0000597,O0008074,I00016042,2024-10-03,wrong_size,104.22,rejected
R0000598,O0008121,I00016132,2025-12-09,not_as_expected,98.41,approved
R0000599,O0008136,I00016155,2023-08-23,late_delivery,13.68,approved
R0000600,O0008137,I00016156,2023-06-11,not_as_expected,113.9,approved
R0000601,O0008145,I00016174,2023-05-18,late_delivery,80.43,rejected
R0000602,O0008151,I00016185,2025-02-02,wrong_size,66.25,rejected
R0000603,O0008173,I00016228,2023-03-31,late_delivery,19.52,approved
R0000604,O0008208,I00016309,2025-11-05,wrong_size,21.29,approved
R0000605,O0008245,I00016375,2024-11-07,changed_mind,9.85,approved
R0000606,O0008278,I00016440,2025-11-02,late_delivery,122.5,approved
R0000607,O0008288,I00016457,2023-06-27,changed_mind,22.51,approved
R0000608,O0008297,I00016475,2024-04-03,wrong_size,60.55,approved
R0000609,O0008303,I00016488,2025-07-05,wrong_size,319.56,approved
R0000610,O0008311,I00016502,2024-09-02,not_as_expected,217.87,approved
R0000611,O0008316,I00016510,2025-10-08,wrong_size,104.51,approved
R0000612,O0008319,I00016518,2023-05-15,wrong_size,27.93,approved
R0000613,O0008322,I00016525,2023-09-19,damaged,368.58,approved
R0000614,O0008359,I00016594,2025-07-05,not_as_expected,747.66,approved
R0000615,O0008402,I00016669,2023-08-11,wrong_size,108.07,approved
R0000616,O0008412,I00016684,2023-09-05,damaged,47.75,approved
R0000617,O0008425,I00016708,2024-12-28,damaged,137.38,approved
R0000618,O0008435,I00016726,2026-01-13,not_as_expected,69.06,approved
R0000619,O0008436,I00016727,2024-03-04,damaged,24.37,approved
R0000620,O0008440,I00016740,2025-01-15,late_delivery,14.2,approved
R0000621,O0008444,I00016750,2024-12-31,wrong_size,87.27,approved
R0000622,O0008483,I00016816,2025-05-10,wrong_size,96.25,approved
R0000623,O0008492,I00016832,2024-07-15,wrong_size,35.11,approved
R0000624,O0008505,I00016862,2024-01-09,not_as_expected,206.28,approved
R0000625,O0008507,I00016866,2023-03-09,not_as_expected,627.68,approved
R0000626,O0008511,I00016877,2024-06-29,late_delivery,1.56,approved
R0000627,O0008520,I00016893,2024-10-31,damaged,98.11,approved
R0000628,O0008523,I00016905,2024-12-17,not_as_expected,37.81,approved
R0000629,O0008535,I00016934,2023-07-03,damaged,9.81,approved
R0000630,O0008556,I00016977,2024-06-02,late_delivery,85.7,approved
R0000631,O0008619,I00017096,2023-03-18,damaged,26.52,approved
R0000632,O0008637,I00017126,2025-02-20,late_delivery,57.78,approved
R0000633,O0008639,I00017129,2025-04-04,damaged,48.64,approved
R0000634,O0008641,I00017132,2023-11-04,changed_mind,8.3,approved
R0000635,O0008644,I00017139,2025-10-22,damaged,468.18,approved
R0000636,O0008655,I00017160,2023-05-08,changed_mind,185.33,approved
R0000637,O0008665,I00017183,2025-11-10,not_as_expected,98.39,approved
R0000638,O0008671,I00017193,2024-12-10,not_as_expected,154.14,approved
R0000639,O0008686,I00017226,2025-10-07,wrong_size,46.44,approved
R0000640,O0008688,I00017231,2023-05-29,changed_mind,34.93,approved
R0000641,O0008690,I00017237,2023-04-01,late_delivery,56.78,approved
R0000642,O0008699,I00017254,2025-06-05,not_as_expected,140.92,approved
R0000643,O0008701,I00017257,2023-07-16,changed_mind,240.02,approved
R0000644,O0008784,I00017428,2025-04-29,changed_mind,369.3,approved
R0000645,O0008804,I00017465,2025-08-02,wrong_size,186.1,approved
R0000646,O0008805,I00017467,2025-03-01,not_as_expected,133.26,approved
R0000647,O0008807,I00017472,2023-10-08,damaged,339.67,approved
R0000648,O0008818,I00017497,2026-01-01,late_delivery,22.21,approved
R0000649,O0008842,I00017554,2023-12-02,wrong_size,83.41,approved
R0000650,O0008858,I00017579,2023-10-18,changed_mind,24.87,approved
R0000651,O0008860,I00017582,2023-10-24,changed_mind,784.18,approved
R0000652,O0008871,I00017606,2025-11-18,damaged,6.56,approved
R0000653,O0008949,I00017746,2023-11-30,not_as_expected,12.58,approved
R0000654,O0008955,I00017755,2023-03-27,not_as_expected,74.78,approved
R0000655,O0008960,I00017765,2023-09-27,late_delivery,233.52,approved
R0000656,O0008962,I00017768,2025-09-09,not_as_expected,28.13,approved
R0000657,O0008978,I00017806,2025-12-05,damaged,6.52,approved
R0000658,O0008980,I00017811,2024-11-29,damaged,56.3,approved
R0000659,O0008997,I00017851,2024-05-07,wrong_size,118.61,rejected
R0000660,O0009015,I00017893,2024-10-12,wrong_size,23.07,approved
R0000661,O0009016,I00017896,2025-01-19,damaged,188.54,approved
R0000662,O0009041,I00017946,2025-05-08,not_as_expected,220.54,approved
R0000663,O0009044,I00017952,2023-11-19,not_as_expected,63.25,approved
R0000664,O0009053,I00017971,2024-09-10,damaged,374.63,approved
R0000665,O0009057,I00017983,2025-03-18,changed_mind,558.83,approved
R0000666,O0009070,I00018007,2025-09-11,damaged,245.02,approved
R0000667,O0009165,I00018202,2024-08-04,late_delivery,111.48,rejected
R0000668,O0009218,I00018292,2023-12-25,damaged,144.84,approved
R0000669,O0009233,I00018320,2024-09-19,damaged,55.85,approved
R0000670,O0009257,I00018363,2025-03-03,not_as_expected,91.59,approved
R0000671,O0009271,I00018391,2024-06-24,late_delivery,40.58,approved
R0000672,O0009278,I00018407,2024-06-01,wrong_size,132.28,approved
R0000673,O0009302,I00018457,2024-04-09,not_as_expected,375.05,approved
R0000674,O0009306,I00018469,2024-03-21,not_as_expected,16.86,approved
R0000675,O0009322,I00018503,2025-09-23,changed_mind,17.87,approved
R0000676,O0009339,I00018537,2023-03-24,late_delivery,129.57,approved
R0000677,O0009340,I00018540,2025-06-16,wrong_size,86.16,approved
R0000678,O0009352,I00018562,2024-06-16,changed_mind,43.45,rejected
R0000679,O0009359,I00018578,2025-04-29,changed_mind,104.45,approved
R0000680,O0009371,I00018606,2026-01-08,changed_mind,132.65,approved
R0000681,O0009411,I00018699,2024-08-02,damaged,116.72,approved
R0000682,O0009414,I00018706,2025-01-23,not_as_expected,118.45,approved
R0000683,O0009446,I00018766,2023-10-01,changed_mind,120.24,approved
R0000684,O0009470,I00018810,2025-12-30,damaged,293.21,approved
R0000685,O0009474,I00018817,2023-11-13,damaged,43.69,approved
R0000686,O0009494,I00018853,2024-08-21,damaged,177.94,approved
R0000687,O0009504,I00018871,2023-07-26,wrong_size,55.18,approved
R0000688,O0009522,I00018907,2025-01-26,wrong_size,8.86,approved
R0000689,O0009524,I00018911,2024-09-01,changed_mind,20.3,approved
R0000690,O0009536,I00018940,2025-02-27,not_as_expected,55.22,approved
R0000691,O0009541,I00018946,2025-08-31,late_delivery,12.53,approved
R0000692,O0009557,I00018978,2023-10-29,not_as_expected,10.88,approved
R0000693,O0009571,I00019005,2025-03-17,wrong_size,15.3,approved
R0000694,O0009600,I00019060,2023-10-18,not_as_expected,221.44,approved
R0000695,O0009616,I00019091,2024-09-02,not_as_expected,129.78,approved
R0000696,O0009622,I00019106,2023-12-04,damaged,38.76,approved
R0000697,O0009640,I00019134,2025-04-28,changed_mind,172.84,approved
R0000698,O0009669,I00019185,2025-07-01,damaged,48.54,approved
R0000699,O0009680,I00019211,2024-11-27,wrong_size,206.31,approved
R0000700,O0009684,I00019218,2024-06-12,damaged,28.82,rejected
R0000701,O0009685,I00019220,2024-09-14,not_as_expected,116.71,approved
R0000702,O0009716,I00019289,2023-11-14,not_as_expected,41.12,rejected
R0000703,O0009741,I00019336,2024-12-27,wrong_size,71.27,rejected
R0000704,O0009756,I00019365,2025-11-01,damaged,31.56,approved
R0000705,O0009769,I00019393,2025-05-17,changed_mind,92.48,approved
R0000706,O0009773,I00019399,2023-09-17,wrong_size,186.03,approved
R0000707,O0009832,I00019523,2025-05-22,not_as_expected,126.46,rejected
R0000708,O0009840,I00019541,2024-12-01,damaged,55,approved
R0000709,O0009847,I00019552,2023-02-18,damaged,23.33,approved
R0000710,O0009865,I00019583,2024-01-23,changed_mind,1801.5,approved
R0000711,O0009873,I00019600,2024-10-20,wrong_size,25.06,approved
R0000712,O0009875,I00019605,2023-09-16,not_as_expected,8.32,approved
R0000713,O0009877,I00019608,2025-05-15,changed_mind,76.89,approved
R0000714,O0009879,I00019613,2023-04-10,damaged,360.4,approved
R0000715,O0009884,I00019620,2023-10-05,changed_mind,249.26,approved
R0000716,O0009906,I00019664,2023-10-16,damaged,17.37,approved
R0000717,O0009910,I00019670,2024-06-19,not_as_expected,47.71,approved
R0000718,O0009916,I00019683,2025-09-11,changed_mind,113.63,approved
R0000719,O0009930,I00019708,2024-08-23,not_as_expected,19.56,approved
R0000720,O0009933,I00019712,2025-10-18,not_as_expected,240.96,approved
R0000721,O0009971,I00019782,2023-12-09,not_as_expected,147.04,approved
R0000722,O0009990,I00019824,2023-03-22,wrong_size,36.92,approved
R0000723,O0010026,I00019882,2024-03-12,not_as_expected,137.61,approved
R0000724,O0010041,I00019904,2025-02-06,changed_mind,98.36,approved
R0000725,O0010047,I00019920,2025-07-23,damaged,79.66,approved
R0000726,O0010069,I00019966,2024-12-16,wrong_size,4.83,approved
R0000727,O0010088,I00020005,2025-03-27,wrong_size,13.39,approved
R0000728,O0010097,I00020021,2023-01-25,not_as_expected,86.14,approved
R0000729,O0010125,I00020072,2024-06-13,late_delivery,371.79,approved
R0000730,O0010141,I00020101,2023-03-03,not_as_expected,180.9,approved
R0000731,O0010144,I00020105,2025-06-02,damaged,12.76,approved
R0000732,O0010151,I00020121,2025-04-18,not_as_expected,105.58,approved
R0000733,O0010157,I00020130,2024-01-20,changed_mind,3.43,approved
R0000734,O0010164,I00020146,2025-05-10,not_as_expected,702.2,rejected
R0000735,O0010215,I00020240,2024-12-30,not_as_expected,76.14,approved
R0000736,O0010223,I00020254,2023-12-28,damaged,74.35,approved
R0000737,O0010242,I00020299,2024-05-22,not_as_expected,90.66,approved
R0000738,O0010254,I00020326,2025-05-04,wrong_size,68.85,approved
R0000739,O0010274,I00020369,2025-03-09,wrong_size,84.66,approved
R0000740,O0010276,I00020374,2025-09-05,not_as_expected,74.54,approved
R0000741,O0010281,I00020384,2023-01-19,wrong_size,26.69,approved
R0000742,O0010291,I00020403,2025-03-29,not_as_expected,56.56,approved
R0000743,O0010299,I00020419,2025-10-04,not_as_expected,9.04,approved
R0000744,O0010312,I00020440,2025-10-01,not_as_expected,195.5,approved
R0000745,O0010353,I00020517,2026-01-11,damaged,69.8,approved
R0000746,O0010357,I00020528,2025-01-02,late_delivery,271.8,approved
R0000747,O0010371,I00020556,2023-10-30,not_as_expected,218.46,approved
R0000748,O0010393,I00020604,2023-11-04,wrong_size,343.67,approved
R0000749,O0010414,I00020649,2023-08-15,not_as_expected,11.46,rejected
R0000750,O0010431,I00020683,2024-07-08,damaged,61.55,approved
R0000751,O0010440,I00020701,2023-01-20,not_as_expected,158.4,approved
R0000752,O0010508,I00020826,2025-12-28,not_as_expected,167.24,approved
R0000753,O0010529,I00020871,2023-03-22,wrong_size,700.53,approved
R0000754,O0010542,I00020893,2024-02-11,damaged,16.99,approved
R0000755,O0010549,I00020906,2023-07-22,changed_mind,72.11,approved
R0000756,O0010551,I00020908,2023-03-08,damaged,29.27,approved
R0000757,O0010580,I00020964,2025-04-19,damaged,12.97,approved
R0000758,O0010621,I00021042,2023-10-24,changed_mind,41.04,approved
R0000759,O0010645,I00021095,2024-05-17,not_as_expected,7.94,approved
R0000760,O0010646,I00021097,2025-12-14,late_delivery,29.72,approved
R0000761,O0010664,I00021129,2023-11-10,damaged,4.54,rejected
R0000762,O0010685,I00021174,2025-09-15,not_as_expected,36.56,approved
R0000763,O0010695,I00021193,2025-01-23,damaged,20.73,approved
R0000764,O0010698,I00021197,2023-08-24,not_as_expected,47.22,approved
R0000765,O0010701,I00021203,2025-09-16,not_as_expected,131.28,rejected
R0000766,O0010705,I00021209,2024-12-03,late_delivery,84.73,approved
R0000767,O0010707,I00021216,2023-11-08,damaged,8.59,approved
R0000768,O0010731,I00021258,2024-10-19,changed_mind,190.07,approved
R0000769,O0010733,I00021261,2023-04-04,wrong_size,105.23,approved
R0000770,O0010770,I00021326,2024-07-22,wrong_size,22.59,approved
R0000771,O0010775,I00021337,2025-10-25,not_as_expected,12.9,approved
R0000772,O0010801,I00021392,2023-07-03,not_as_expected,63.31,approved
R0000773,O0010817,I00021418,2023-06-10,not_as_expected,110.94,approved
R0000774,O0010822,I00021430,2024-12-02,not_as_expected,1508.3,approved
R0000775,O0010823,I00021431,2023-04-19,damaged,97.02,approved
R0000776,O0010831,I00021457,2024-02-06,wrong_size,71.86,approved
R0000777,O0010836,I00021470,2023-02-01,damaged,79.49,rejected
R0000778,O0010840,I00021476,2024-02-09,not_as_expected,59.19,approved
R0000779,O0010873,I00021534,2024-12-11,wrong_size,21.8,approved
R0000780,O0010883,I00021547,2025-11-05,not_as_expected,125.24,approved
R0000781,O0010888,I00021556,2024-12-24,not_as_expected,71.94,approved
R0000782,O0010943,I00021672,2024-09-19,not_as_expected,322.66,approved
R0000783,O0010948,I00021678,2025-08-03,changed_mind,767.05,approved
R0000784,O0010955,I00021691,2023-04-15,wrong_size,80.28,approved
R0000785,O0010989,I00021754,2024-03-31,wrong_size,323.91,approved
R0000786,O0011002,I00021783,2025-08-14,changed_mind,149.78,approved
R0000787,O0011004,I00021788,2025-03-19,changed_mind,266.74,approved
R0000788,O0011018,I00021818,2024-03-14,changed_mind,20.33,approved
R0000789,O0011020,I00021821,2024-06-07,late_delivery,111.02,approved
R0000790,O0011034,I00021842,2025-01-04,wrong_size,219.77,approved
R0000791,O0011056,I00021877,2025-01-30,not_as_expected,42.12,approved
R0000792,O0011062,I00021889,2025-11-27,not_as_expected,745.26,approved
R0000793,O0011070,I00021904,2023-02-28,damaged,8.26,approved
R0000794,O0011081,I00021920,2023-11-22,wrong_size,4.7,approved
R0000795,O0011088,I00021930,2023-05-05,wrong_size,33.52,approved
R0000796,O0011097,I00021948,2024-05-13,not_as_expected,50.02,approved
R0000797,O0011108,I00021972,2024-11-27,not_as_expected,110.36,approved
R0000798,O0011119,I00021994,2024-02-03,not_as_expected,4.74,approved
R0000799,O0011125,I00022002,2023-05-23,not_as_expected,105.9,approved
R0000800,O0011161,I00022078,2023-12-28,wrong_size,1334.39,approved
R0000801,O0011170,I00022103,2025-04-25,not_as_expected,94.07,approved
R0000802,O0011178,I00022117,2023-11-17,wrong_size,64.07,approved
R0000803,O0011185,I00022136,2024-12-15,changed_mind,23.99,approved
R0000804,O0011202,I00022169,2023-12-07,wrong_size,30.36,approved
R0000805,O0011242,I00022249,2024-06-15,damaged,53.94,approved
R0000806,O0011248,I00022268,2025-04-03,changed_mind,95.27,approved
R0000807,O0011249,I00022270,2025-11-20,late_delivery,44.68,approved
R0000808,O0011270,I00022313,2025-12-30,wrong_size,330.79,approved
R0000809,O0011313,I00022401,2025-05-25,not_as_expected,6.81,approved
R0000810,O0011327,I00022434,2023-03-24,not_as_expected,62.56,approved
R0000811,O0011376,I00022537,2025-09-03,changed_mind,312.62,approved
R0000812,O0011420,I00022628,2023-08-03,changed_mind,130.09,approved
R0000813,O0011423,I00022636,2024-11-26,changed_mind,262,approved
R0000814,O0011438,I00022671,2025-04-04,changed_mind,139.48,approved
R0000815,O0011442,I00022679,2023-03-23,changed_mind,17.33,approved
R0000816,O0011451,I00022693,2025-12-04,damaged,4.8,approved
R0000817,O0011462,I00022713,2023-07-18,changed_mind,10.1,approved
R0000818,O0011468,I00022727,2024-12-25,not_as_expected,27.96,rejected
R0000819,O0011471,I00022732,2025-08-05,changed_mind,74.73,approved
R0000820,O0011495,I00022777,2024-04-27,damaged,111.93,rejected
R0000821,O0011500,I00022785,2023-07-21,wrong_size,78.93,approved
R0000822,O0011508,I00022803,2025-02-08,wrong_size,68.57,approved
R0000823,O0011509,I00022804,2025-04-27,changed_mind,55.91,approved
R0000824,O0011513,I00022813,2024-10-21,wrong_size,668.91,approved
R0000825,O0011605,I00022989,2024-12-01,not_as_expected,204.09,approved
R0000826,O0011608,I00023000,2023-12-30,damaged,25.67,approved
R0000827,O0011617,I00023020,2024-02-08,changed_mind,252.47,approved
R0000828,O0011641,I00023075,2025-01-26,changed_mind,41.71,approved
R0000829,O0011656,I00023106,2023-02-23,not_as_expected,751.56,approved
R0000830,O0011657,I00023110,2025-12-14,damaged,98.61,rejected
R0000831,O0011673,I00023140,2025-06-24,wrong_size,76.87,approved
R0000832,O0011685,I00023161,2025-05-15,wrong_size,105.58,approved
R0000833,O0011713,I00023221,2023-11-19,not_as_expected,127.54,approved
R0000834,O0011727,I00023261,2023-07-07,changed_mind,72.45,approved
R0000835,O0011748,I00023303,2024-11-21,late_delivery,417.11,approved
R0000836,O0011770,I00023348,2023-09-11,wrong_size,21,approved
R0000837,O0011792,I00023391,2024-01-08,damaged,511.94,approved
R0000838,O0011804,I00023415,2025-06-22,damaged,84.11,approved
R0000839,O0011808,I00023424,2024-03-12,damaged,23.8,approved
R0000840,O0011816,I00023440,2023-04-05,not_as_expected,62.8,approved
R0000841,O0011825,I00023455,2023-09-04,wrong_size,331.34,approved
R0000842,O0011833,I00023469,2025-01-21,wrong_size,227.77,approved
R0000843,O0011839,I00023478,2025-03-26,damaged,135.54,approved
R0000844,O0011848,I00023497,2025-09-26,not_as_expected,36.4,approved
R0000845,O0011869,I00023538,2023-12-06,late_delivery,34.29,approved
R0000846,O0011882,I00023564,2023-11-30,wrong_size,211.03,approved
R0000847,O0011890,I00023579,2024-03-08,damaged,30.68,approved
R0000848,O0011917,I00023624,2025-10-19,changed_mind,19.3,approved
R0000849,O0011946,I00023680,2024-11-16,damaged,8.34,approved
R0000850,O0011975,I00023747,2025-11-10,wrong_size,41.69,approved
R0000851,O0011997,I00023788,2023-10-14,damaged,660.97,approved
R0000852,O0012029,I00023846,2024-02-09,not_as_expected,4.7,approved
R0000853,O0012037,I00023860,2025-11-14,damaged,32.63,approved
R0000854,O0012042,I00023871,2024-11-11,changed_mind,96.27,approved
R0000855,O0012079,I00023942,2024-12-12,wrong_size,134.16,approved
R0000856,O0012088,I00023960,2023-12-30,not_as_expected,200.21,approved
R0000857,O0012147,I00024073,2025-04-23,wrong_size,656.84,approved
R0000858,O0012184,I00024144,2025-01-13,damaged,103.33,approved
R0000859,O0012185,I00024148,2023-09-13,damaged,208.4,approved
R0000860,O0012191,I00024157,2025-05-01,not_as_expected,6.86,approved
R0000861,O0012202,I00024176,2025-04-23,late_delivery,369.96,approved
R0000862,O0012213,I00024198,2024-05-12,wrong_size,17.74,approved
R0000863,O0012225,I00024223,2025-12-03,wrong_size,758.86,rejected
R0000864,O0012228,I00024232,2023-08-21,late_delivery,7.14,approved
R0000865,O0012241,I00024259,2024-11-29,wrong_size,622.61,approved
R0000866,O0012246,I00024268,2025-10-13,changed_mind,406.18,rejected
R0000867,O0012248,I00024271,2025-12-17,wrong_size,38.21,approved
R0000868,O0012266,I00024309,2024-01-28,not_as_expected,115.84,rejected
R0000869,O0012278,I00024331,2023-08-08,wrong_size,201.39,approved
R0000870,O0012281,I00024339,2023-10-30,wrong_size,81.36,approved
R0000871,O0012292,I00024364,2025-07-06,damaged,93.45,approved
R0000872,O0012295,I00024371,2023-11-15,damaged,860.59,approved
R0000873,O0012296,I00024375,2023-06-02,not_as_expected,83.87,rejected
R0000874,O0012298,I00024378,2023-07-05,not_as_expected,39.05,approved
R0000875,O0012318,I00024420,2024-08-10,not_as_expected,29.85,approved
R0000876,O0012338,I00024462,2023-09-14,changed_mind,6.57,approved
R0000877,O0012342,I00024471,2023-12-02,not_as_expected,108.21,approved
R0000878,O0012347,I00024481,2023-08-26,not_as_expected,107,approved
R0000879,O0012348,I00024482,2024-08-27,changed_mind,65.2,approved
R0000880,O0012375,I00024552,2025-01-25,late_delivery,44.36,approved
R0000881,O0012386,I00024566,2023-09-17,wrong_size,114.87,approved
R0000882,O0012408,I00024605,2024-12-17,damaged,72.55,approved
R0000883,O0012409,I00024608,2025-11-01,changed_mind,5.18,approved
R0000884,O0012413,I00024619,2023-06-22,changed_mind,13.05,approved
R0000885,O0012416,I00024627,2024-10-10,not_as_expected,63.21,approved
R0000886,O0012420,I00024631,2024-11-24,wrong_size,82.01,approved
R0000887,O0012447,I00024678,2024-05-27,not_as_expected,70.92,approved
R0000888,O0012448,I00024679,2024-12-08,changed_mind,9.23,approved
R0000889,O0012461,I00024704,2024-12-28,not_as_expected,61.53,approved
R0000890,O0012463,I00024709,2024-11-20,late_delivery,124.75,rejected
R0000891,O0012465,I00024711,2024-11-11,not_as_expected,207.99,approved
R0000892,O0012469,I00024718,2025-03-02,not_as_expected,82.36,approved
R0000893,O0012498,I00024776,2024-12-14,late_delivery,138.99,approved
R0000894,O0012504,I00024783,2025-07-11,changed_mind,50.64,approved
R0000895,O0012543,I00024872,2024-12-22,changed_mind,8.12,approved
R0000896,O0012560,I00024899,2025-08-11,not_as_expected,51.85,rejected
R0000897,O0012561,I00024900,2024-09-05,not_as_expected,28.57,approved
R0000898,O0012581,I00024945,2024-11-20,damaged,32.28,approved
R0000899,O0012596,I00024972,2025-12-03,damaged,332.83,approved
R0000900,O0012606,I00024992,2025-04-12,damaged,68.08,approved
R0000901,O0012614,I00025005,2023-02-28,damaged,109.5,rejected
R0000902,O0012622,I00025022,2023-04-03,wrong_size,75.41,approved
R0000903,O0012649,I00025065,2024-05-16,damaged,4.79,approved
R0000904,O0012659,I00025085,2024-12-23,not_as_expected,43.2,approved
R0000905,O0012666,I00025099,2026-01-12,late_delivery,196.83,approved
R0000906,O0012677,I00025119,2023-04-02,damaged,10.43,approved
R0000907,O0012707,I00025169,2024-05-23,not_as_expected,58.4,approved
R0000908,O0012710,I00025178,2025-02-02,not_as_expected,202.18,approved
R0000909,O0012724,I00025205,2025-01-25,late_delivery,273.26,approved
R0000910,O0012742,I00025237,2023-07-26,damaged,94.67,approved
R0000911,O0012755,I00025264,2025-08-15,late_delivery,105.04,approved
R0000912,O0012759,I00025270,2024-03-04,damaged,4.18,approved
R0000913,O0012771,I00025297,2024-06-05,not_as_expected,230.27,approved
R0000914,O0012782,I00025320,2024-03-09,damaged,78.9,approved
R0000915,O0012793,I00025343,2023-06-22,late_delivery,183.5,approved
R0000916,O0012794,I00025345,2024-03-18,not_as_expected,5.98,approved
R0000917,O0012815,I00025384,2024-07-13,wrong_size,97.34,rejected
R0000918,O0012826,I00025400,2023-12-30,changed_mind,91.14,approved
R0000919,O0012831,I00025409,2023-08-24,damaged,13.12,approved
R0000920,O0012856,I00025460,2023-03-31,not_as_expected,12.49,approved
R0000921,O0012865,I00025474,2025-06-05,late_delivery,15,approved
R0000922,O0012866,I00025476,2024-08-21,not_as_expected,28.49,approved
R0000923,O0012884,I00025509,2024-09-05,late_delivery,127.16,approved
R0000924,O0012894,I00025531,2026-01-10,damaged,3.48,approved
R0000925,O0012902,I00025550,2024-06-04,wrong_size,45.14,approved
R0000926,O0012904,I00025556,2023-04-13,not_as_expected,200.82,approved
R0000927,O0012937,I00025616,2024-02-29,damaged,27.13,approved
R0000928,O0012938,I00025618,2023-10-07,wrong_size,31.1,approved
R0000929,O0012957,I00025661,2023-06-14,damaged,122.23,approved
R0000930,O0012968,I00025680,2025-03-01,wrong_size,78.25,approved
R0000931,O0012976,I00025697,2023-03-12,not_as_expected,8.26,approved
R0000932,O0012977,I00025698,2024-06-16,wrong_size,38.8,approved
R0000933,O0012982,I00025709,2025-09-14,late_delivery,42.25,approved
R0000934,O0012995,I00025737,2024-12-17,not_as_expected,261.97,approved
R0000935,O0012999,I00025747,2024-10-07,not_as_expected,102.08,approved
R0000936,O0013012,I00025780,2025-02-15,not_as_expected,77.27,approved
R0000937,O0013019,I00025792,2025-05-15,not_as_expected,35.22,approved
R0000938,O0013022,I00025795,2024-04-15,not_as_expected,85.51,approved
R0000939,O0013068,I00025881,2025-07-29,changed_mind,122.7,rejected
R0000940,O0013095,I00025941,2023-07-13,not_as_expected,187.35,approved
R0000941,O0013102,I00025955,2025-12-31,wrong_size,206.95,approved
R0000942,O0013141,I00026039,2023-09-29,not_as_expected,7.2,approved
R0000943,O0013147,I00026047,2024-02-12,wrong_size,134.22,approved
R0000944,O0013149,I00026050,2025-04-01,damaged,147.94,approved
R0000945,O0013160,I00026072,2024-04-06,damaged,96.08,approved
R0000946,O0013168,I00026086,2025-04-06,not_as_expected,1303.48,approved
R0000947,O0013201,I00026159,2024-08-13,damaged,163.81,approved
R0000948,O0013221,I00026201,2024-06-11,not_as_expected,61.67,approved
R0000949,O0013239,I00026233,2024-04-10,not_as_expected,45.99,approved
R0000950,O0013287,I00026322,2024-11-12,wrong_size,66.77,approved
R0000951,O0013295,I00026341,2024-12-13,wrong_size,167.94,approved
R0000952,O0013361,I00026477,2023-03-03,not_as_expected,5.41,approved
R0000953,O0013377,I00026510,2023-04-20,late_delivery,51.28,approved
R0000954,O0013400,I00026556,2025-11-09,changed_mind,8.04,approved
R0000955,O0013414,I00026589,2024-04-24,damaged,228.03,approved
R0000956,O0013435,I00026632,2025-08-26,wrong_size,53.06,approved
R0000957,O0013477,I00026710,2023-09-02,damaged,79.59,approved
R0000958,O0013478,I00026711,2023-08-09,damaged,3.4,approved
R0000959,O0013481,I00026718,2023-06-21,wrong_size,50.11,rejected
R0000960,O0013488,I00026731,2024-05-11,changed_mind,84.11,approved
R0000961,O0013510,I00026767,2025-08-18,changed_mind,85.08,approved
R0000962,O0013519,I00026789,2025-02-18,not_as_expected,96.74,approved
R0000963,O0013527,I00026804,2025-02-15,not_as_expected,9.18,approved
R0000964,O0013545,I00026842,2023-01-27,wrong_size,16.11,approved
R0000965,O0013548,I00026848,2024-12-02,damaged,65.44,approved
R0000966,O0013565,I00026883,2024-12-01,not_as_expected,294.2,approved
R0000967,O0013606,I00026953,2024-08-05,not_as_expected,18.2,approved
R0000968,O0013610,I00026957,2025-01-05,wrong_size,13.72,approved
R0000969,O0013618,I00026971,2024-12-29,changed_mind,37.95,approved
R0000970,O0013621,I00026975,2023-12-02,changed_mind,61.6,rejected
R0000971,O0013632,I00026997,2025-10-19,not_as_expected,100.47,approved
R0000972,O0013633,I00026998,2025-05-07,not_as_expected,18.61,approved
R0000973,O0013647,I00027027,2024-08-08,changed_mind,246.04,rejected
R0000974,O0013683,I00027103,2023-08-19,changed_mind,38.1,approved
R0000975,O0013705,I00027138,2024-11-16,changed_mind,32.32,approved
R0000976,O0013717,I00027166,2023-12-28,wrong_size,230.44,approved
R0000977,O0013736,I00027200,2023-11-21,not_as_expected,20.14,approved
R0000978,O0013744,I00027218,2023-06-30,wrong_size,68.77,approved
R0000979,O0013755,I00027236,2025-06-10,damaged,9.36,approved
R0000980,O0013757,I00027243,2025-12-23,damaged,569.6,approved
R0000981,O0013769,I00027260,2025-07-22,damaged,31.59,approved
R0000982,O0013777,I00027276,2024-05-04,not_as_expected,83.66,approved
R0000983,O0013809,I00027340,2024-07-20,not_as_expected,142.35,approved
R0000984,O0013817,I00027354,2025-03-30,changed_mind,27.83,approved
R0000985,O0013919,I00027551,2025-06-11,not_as_expected,87.38,approved
R0000986,O0013954,I00027626,2025-04-07,late_delivery,89.97,approved
R0000987,O0013960,I00027643,2025-08-18,late_delivery,25.27,approved
R0000988,O0013967,I00027659,2024-09-25,damaged,8.46,approved
R0000989,O0013998,I00027712,2025-12-15,not_as_expected,3.41,approved
R0000990,O0014003,I00027724,2025-04-03,wrong_size,140.11,approved
R0000991,O0014004,I00027726,2023-12-01,late_delivery,55.31,approved
R0000992,O0014014,I00027742,2026-01-21,not_as_expected,127.14,approved
R0000993,O0014026,I00027755,2025-03-22,wrong_size,11.98,approved
R0000994,O0014030,I00027768,2023-04-29,wrong_size,108.19,rejected
R0000995,O0014042,I00027804,2025-12-25,damaged,27.72,approved
R0000996,O0014094,I00027919,2025-01-03,not_as_expected,7.86,approved
R0000997,O0014108,I00027947,2023-06-09,not_as_expected,15.44,approved
R0000998,O0014124,I00027974,2024-03-31,late_delivery,65.17,rejected
R0000999,O0014163,I00028042,2023-06-03,not_as_expected,43.74,approved
R0001000,O0014167,I00028049,2025-04-25,damaged,27.09,approved
R0001001,O0014186,I00028095,2024-08-23,changed_mind,92.5,approved
R0001002,O0014225,I00028175,2023-10-06,damaged,368.2,approved
R0001003,O0014227,I00028177,2024-10-26,wrong_size,91.86,approved
R0001004,O0014228,I00028179,2024-08-01,changed_mind,86.94,approved
R0001005,O0014281,I00028276,2024-01-27,not_as_expected,313.39,approved
R0001006,O0014296,I00028300,2025-01-03,damaged,69.65,approved
R0001007,O0014301,I00028309,2024-12-05,changed_mind,125.82,approved
R0001008,O0014304,I00028316,2025-12-12,not_as_expected,32.34,approved
R0001009,O0014317,I00028343,2023-10-25,wrong_size,701.45,approved
R0001010,O0014327,I00028369,2024-01-07,not_as_expected,481.16,approved
R0001011,O0014328,I00028370,2023-12-19,damaged,22.15,approved
R0001012,O0014342,I00028399,2024-01-02,not_as_expected,351.5,approved
R0001013,O0014347,I00028409,2023-11-12,wrong_size,594.28,approved
R0001014,O0014348,I00028411,2025-09-09,changed_mind,54.84,approved
R0001015,O0014384,I00028485,2025-09-12,late_delivery,10.34,approved
R0001016,O0014390,I00028496,2025-01-21,not_as_expected,183.77,rejected
R0001017,O0014398,I00028514,2024-03-17,damaged,32.68,approved
R0001018,O0014442,I00028604,2024-10-30,late_delivery,480.03,approved
R0001019,O0014469,I00028651,2025-04-14,damaged,29.24,approved
R0001020,O0014477,I00028663,2024-12-24,wrong_size,4.24,approved
R0001021,O0014498,I00028702,2024-03-09,not_as_expected,29.13,approved
R0001022,O0014532,I00028760,2024-06-09,late_delivery,5.19,approved
R0001023,O0014535,I00028767,2023-06-24,late_delivery,32.68,rejected
R0001024,O0014540,I00028774,2025-10-26,wrong_size,42.17,approved
R0001025,O0014557,I00028811,2023-03-20,changed_mind,139.26,approved
R0001026,O0014566,I00028829,2025-11-28,wrong_size,186.38,approved
R0001027,O0014576,I00028849,2024-07-10,damaged,108.49,approved
R0001028,O0014585,I00028862,2023-11-13,damaged,20.94,approved
R0001029,O0014586,I00028863,2025-09-30,damaged,7.78,approved
R0001030,O0014629,I00028953,2023-10-18,not_as_expected,119.26,approved
R0001031,O0014630,I00028957,2023-06-20,not_as_expected,605.22,approved
R0001032,O0014653,I00028997,2025-04-20,changed_mind,266.68,approved
R0001033,O0014656,I00029005,2023-06-21,damaged,82.78,approved
R0001034,O0014676,I00029040,2025-08-24,damaged,191.47,approved
R0001035,O0014684,I00029055,2023-02-14,not_as_expected,138.83,approved
R0001036,O0014697,I00029079,2025-07-22,damaged,62.64,approved
R0001037,O0014702,I00029089,2024-12-21,damaged,50.7,approved
R0001038,O0014708,I00029098,2023-07-16,not_as_expected,84.97,approved
R0001039,O0014716,I00029115,2024-09-07,not_as_expected,9.93,approved
R0001040,O0014738,I00029164,2024-07-08,late_delivery,81.78,rejected
R0001041,O0014777,I00029241,2024-03-13,changed_mind,89.09,approved
R0001042,O0014782,I00029249,2025-02-28,wrong_size,43.47,approved
R0001043,O0014789,I00029270,2024-05-28,damaged,55.65,rejected
R0001044,O0014790,I00029272,2025-08-23,wrong_size,109.43,rejected
R0001045,O0014809,I00029303,2023-10-30,damaged,530.24,approved
R0001046,O0014810,I00029304,2023-02-08,wrong_size,43.18,approved
R0001047,O0014844,I00029385,2025-06-11,wrong_size,51.4,approved
R0001048,O0014867,I00029438,2025-08-01,damaged,109.15,approved
R0001049,O0014871,I00029450,2025-05-25,not_as_expected,55.97,approved
R0001050,O0014878,I00029469,2024-03-03,changed_mind,66.72,approved
R0001051,O0014891,I00029495,2024-10-18,damaged,17.45,approved
R0001052,O0014911,I00029537,2025-01-18,changed_mind,78.78,approved
R0001053,O0014935,I00029586,2025-08-19,wrong_size,211.81,approved
R0001054,O0014936,I00029587,2023-04-18,not_as_expected,57.49,approved
R0001055,O0014946,I00029602,2023-02-21,not_as_expected,8.65,approved
R0001056,O0014948,I00029604,2025-01-17,not_as_expected,59.53,approved
R0001057,O0014951,I00029611,2025-03-19,damaged,33.83,approved
R0001058,O0014961,I00029629,2025-12-31,not_as_expected,83.59,approved
R0001059,O0015047,I00029811,2025-01-10,changed_mind,111.22,rejected
R0001060,O0015087,I00029890,2024-02-09,not_as_expected,730.68,approved
R0001061,O0015100,I00029912,2023-07-20,damaged,79.6,approved
R0001062,O0015112,I00029935,2025-01-26,late_delivery,15.84,approved
R0001063,O0015123,I00029957,2024-05-20,late_delivery,79.35,approved
R0001064,O0015137,I00029984,2023-12-29,damaged,45.62,approved
R0001065,O0015139,I00029990,2024-12-28,wrong_size,5.54,approved
R0001066,O0015145,I00030002,2024-12-24,damaged,92.92,approved
R0001067,O0015151,I00030013,2024-11-05,changed_mind,177.73,rejected
R0001068,O0015154,I00030021,2025-04-24,not_as_expected,70.41,rejected
R0001069,O0015167,I00030045,2025-10-09,not_as_expected,218.3,approved
R0001070,O0015178,I00030066,2025-07-01,wrong_size,101.89,approved
R0001071,O0015203,I00030115,2025-08-10,damaged,22.19,approved
R0001072,O0015207,I00030119,2025-01-08,changed_mind,25.51,approved
R0001073,O0015223,I00030147,2026-01-12,not_as_expected,3.44,approved
R0001074,O0015231,I00030160,2024-04-30,not_as_expected,109.96,approved
R0001075,O0015237,I00030173,2023-02-26,not_as_expected,204.27,approved
R0001076,O0015239,I00030177,2025-05-21,late_delivery,7.76,approved
R0001077,O0015242,I00030181,2023-01-16,wrong_size,82.28,approved
R0001078,O0015253,I00030200,2023-03-21,wrong_size,165.73,approved
R0001079,O0015256,I00030209,2025-05-19,late_delivery,39.24,approved
R0001080,O0015265,I00030227,2023-10-10,wrong_size,170.42,approved
R0001081,O0015285,I00030265,2024-07-12,not_as_expected,24.46,approved
R0001082,O0015287,I00030267,2023-11-05,not_as_expected,101.84,approved
R0001083,O0015298,I00030284,2024-10-14,wrong_size,83.17,rejected
R0001084,O0015302,I00030290,2023-12-18,changed_mind,4.97,approved
R0001085,O0015304,I00030292,2025-02-18,damaged,59.73,approved
R0001086,O0015305,I00030294,2023-05-14,wrong_size,231.79,approved
R0001087,O0015316,I00030318,2024-12-11,wrong_size,110.46,approved
R0001088,O0015319,I00030325,2023-03-24,wrong_size,211.05,approved
R0001089,O0015326,I00030336,2023-09-11,not_as_expected,500.3,approved
R0001090,O0015353,I00030391,2024-02-29,changed_mind,93.63,approved
R0001091,O0015354,I00030392,2024-10-29,damaged,62.02,approved
R0001092,O0015369,I00030421,2025-09-07,wrong_size,23.85,approved
R0001093,O0015374,I00030434,2025-09-06,not_as_expected,126.18,approved
R0001094,O0015398,I00030484,2025-02-03,wrong_size,101.48,approved
R0001095,O0015414,I00030518,2023-02-10,changed_mind,86.24,approved
R0001096,O0015432,I00030564,2024-08-24,late_delivery,96.75,approved
R0001097,O0015440,I00030584,2023-10-04,damaged,302.94,approved
R0001098,O0015455,I00030621,2025-01-19,wrong_size,81.42,approved
R0001099,O0015466,I00030641,2025-02-20,damaged,124.15,approved
R0001100,O0015474,I00030658,2023-12-04,changed_mind,9.96,approved
R0001101,O0015496,I00030701,2024-04-28,changed_mind,47.54,approved
R0001102,O0015516,I00030740,2025-06-21,not_as_expected,37.4,approved
R0001103,O0015524,I00030759,2024-10-09,late_delivery,38.28,approved
R0001104,O0015530,I00030770,2025-11-10,changed_mind,9.83,approved
R0001105,O0015570,I00030847,2024-01-01,not_as_expected,72.54,approved
R0001106,O0015574,I00030858,2025-02-18,damaged,9.58,approved
R0001107,O0015579,I00030868,2025-06-17,damaged,85.82,approved
R0001108,O0015598,I00030910,2024-09-21,damaged,4.9,approved
R0001109,O0015602,I00030914,2025-09-12,damaged,48.56,rejected
R0001110,O0015634,I00030973,2024-12-20,late_delivery,70.44,approved
R0001111,O0015639,I00030985,2025-10-01,not_as_expected,15.51,approved
R0001112,O0015666,I00031040,2023-08-18,not_as_expected,26.06,rejected
R0001113,O0015673,I00031053,2023-08-03,changed_mind,109.56,approved
R0001114,O0015689,I00031090,2024-05-04,not_as_expected,12.13,approved
R0001115,O0015690,I00031091,2024-05-07,wrong_size,11.92,approved
R0001116,O0015704,I00031117,2023-09-05,late_delivery,61.56,approved
R0001117,O0015711,I00031129,2025-10-12,wrong_size,103.88,approved
R0001118,O0015746,I00031184,2025-11-15,wrong_size,4.4,approved
R0001119,O0015749,I00031193,2025-11-11,damaged,15.11,approved
R0001120,O0015757,I00031204,2025-03-04,late_delivery,4.93,approved
R0001121,O0015787,I00031271,2026-01-04,not_as_expected,494.35,approved
R0001122,O0015796,I00031293,2025-04-29,damaged,5.47,approved
R0001123,O0015805,I00031313,2024-05-19,damaged,53.61,approved
R0001124,O0015825,I00031351,2023-06-04,wrong_size,743.82,approved
R0001125,O0015826,I00031354,2026-01-15,changed_mind,62.01,approved
R0001126,O0015859,I00031426,2024-11-30,changed_mind,222.07,approved
R0001127,O0015872,I00031458,2024-01-27,changed_mind,53.58,approved
R0001128,O0015875,I00031465,2025-06-04,wrong_size,23.85,approved
R0001129,O0015894,I00031493,2024-04-18,not_as_expected,33.8,approved
R0001130,O0015899,I00031499,2024-12-14,changed_mind,378.35,approved
R0001131,O0015927,I00031557,2024-07-25,not_as_expected,26.62,approved
R0001132,O0015935,I00031572,2023-08-05,changed_mind,106.77,approved
R0001133,O0015946,I00031598,2023-07-16,not_as_expected,278.71,rejected
R0001134,O0015960,I00031634,2025-05-27,damaged,71.06,approved
R0001135,O0015966,I00031646,2023-11-06,late_delivery,49.18,approved
R0001136,O0015967,I00031650,2024-11-14,wrong_size,111.49,approved
R0001137,O0015984,I00031688,2023-12-19,damaged,67.33,approved
R0001138,O0015990,I00031700,2024-08-08,changed_mind,94.16,approved
R0001139,O0016011,I00031735,2024-07-22,not_as_expected,86.08,approved
R0001140,O0016038,I00031783,2025-07-25,changed_mind,93.5,approved
R0001141,O0016050,I00031821,2025-11-09,not_as_expected,53.74,approved
R0001142,O0016079,I00031892,2024-04-30,wrong_size,533.71,approved
R0001143,O0016101,I00031934,2025-05-18,damaged,548.92,approved
R0001144,O0016117,I00031962,2023-11-27,damaged,153.25,approved
R0001145,O0016118,I00031964,2024-12-31,changed_mind,103.84,approved
R0001146,O0016130,I00031997,2025-06-23,wrong_size,10.06,approved
R0001147,O0016138,I00032012,2024-04-21,damaged,360.59,rejected
R0001148,O0016142,I00032019,2023-06-24,damaged,109.4,approved
R0001149,O0016153,I00032044,2024-02-03,not_as_expected,3.8,approved
R0001150,O0016161,I00032059,2023-08-04,late_delivery,86.69,rejected
R0001151,O0016178,I00032089,2025-11-30,damaged,78.9,approved
R0001152,O0016199,I00032127,2023-05-05,not_as_expected,39.09,approved
R0001153,O0016210,I00032157,2025-12-23,late_delivery,41.36,rejected
R0001154,O0016215,I00032166,2024-10-22,not_as_expected,12.53,approved
R0001155,O0016217,I00032169,2023-04-04,wrong_size,193.86,approved
R0001156,O0016225,I00032188,2024-10-29,damaged,82.98,approved
R0001157,O0016259,I00032259,2024-01-12,wrong_size,189.48,approved
R0001158,O0016266,I00032269,2025-09-04,not_as_expected,48.93,approved
R0001159,O0016267,I00032271,2025-12-06,not_as_expected,110.63,rejected
R0001160,O0016281,I00032297,2024-02-27,not_as_expected,57.64,approved
R0001161,O0016300,I00032330,2024-02-26,damaged,616.46,approved
R0001162,O0016323,I00032372,2023-12-10,late_delivery,19.88,approved
R0001163,O0016330,I00032387,2024-11-23,wrong_size,103.1,approved
R0001164,O0016372,I00032468,2023-05-31,damaged,4.91,approved
R0001165,O0016380,I00032490,2023-03-03,changed_mind,74.86,approved
R0001166,O0016386,I00032502,2025-10-10,not_as_expected,7.53,approved
R0001167,O0016408,I00032541,2025-02-03,changed_mind,26.56,approved
R0001168,O0016464,I00032666,2024-05-31,late_delivery,8.81,approved
R0001169,O0016480,I00032702,2025-10-27,not_as_expected,184.46,approved
R0001170,O0016482,I00032704,2024-09-16,changed_mind,18.92,approved
R0001171,O0016485,I00032710,2023-06-16,wrong_size,270.6,approved
R0001172,O0016490,I00032716,2025-10-20,damaged,114.61,approved
R0001173,O0016539,I00032807,2023-11-20,not_as_expected,8.95,rejected
R0001174,O0016540,I00032810,2023-02-19,late_delivery,538.32,approved
R0001175,O0016558,I00032848,2024-12-02,changed_mind,60.35,approved
R0001176,O0016564,I00032861,2023-11-29,changed_mind,72.18,approved
R0001177,O0016573,I00032882,2024-07-24,not_as_expected,51.61,approved
R0001178,O0016615,I00032956,2023-11-06,damaged,374.19,approved
R0001179,O0016624,I00032968,2025-08-01,damaged,45.25,approved
R0001180,O0016628,I00032976,2023-03-08,wrong_size,47.45,approved
R0001181,O0016634,I00032989,2024-01-15,not_as_expected,218.88,approved
R0001182,O0016637,I00032998,2025-09-05,wrong_size,567.1,approved
R0001183,O0016659,I00033039,2025-08-14,late_delivery,16.84,approved
R0001184,O0016688,I00033093,2025-06-02,wrong_size,425.92,approved
R0001185,O0016689,I00033095,2025-03-22,damaged,9.94,approved
R0001186,O0016690,I00033098,2025-11-28,damaged,18.26,approved
R0001187,O0016718,I00033161,2023-11-03,changed_mind,110.28,approved
R0001188,O0016742,I00033215,2024-03-12,changed_mind,40.25,approved
R0001189,O0016746,I00033221,2024-01-03,not_as_expected,159.87,approved
R0001190,O0016753,I00033234,2024-12-28,damaged,196.88,approved
R0001191,O0016762,I00033255,2024-09-25,damaged,19.72,approved
R0001192,O0016766,I00033263,2023-10-28,changed_mind,18.52,approved
R0001193,O0016781,I00033298,2023-09-10,not_as_expected,41.25,approved
R0001194,O0016786,I00033311,2025-11-02,changed_mind,28.71,approved
R0001195,O0016790,I00033316,2024-10-19,not_as_expected,97.73,approved
R0001196,O0016798,I00033337,2023-09-19,damaged,1182.2,approved
R0001197,O0016810,I00033358,2025-03-17,not_as_expected,131.91,approved
R0001198,O0016827,I00033396,2025-11-04,damaged,41.01,approved
R0001199,O0016829,I00033403,2023-10-09,damaged,54.74,approved
R0001200,O0016856,I00033463,2024-05-28,damaged,262.67,approved
R0001201,O0016870,I00033489,2025-11-27,not_as_expected,20.46,approved
R0001202,O0016897,I00033546,2024-07-16,damaged,108.78,rejected
R0001203,O0016926,I00033614,2025-09-05,changed_mind,45.85,approved
R0001204,O0016944,I00033647,2023-12-30,wrong_size,89.94,approved
R0001205,O0016972,I00033698,2025-02-07,wrong_size,56.84,approved
R0001206,O0016981,I00033719,2024-08-05,late_delivery,122.3,approved
R0001207,O0016986,I00033731,2025-05-08,damaged,330.27,approved
R0001208,O0016994,I00033741,2025-12-04,damaged,11.46,approved
R0001209,O0017029,I00033814,2023-02-04,not_as_expected,37.81,approved
R0001210,O0017030,I00033817,2025-08-19,late_delivery,4.93,approved
R0001211,O0017056,I00033868,2025-04-13,damaged,132.32,approved
R0001212,O0017062,I00033881,2023-02-21,late_delivery,104.56,approved
R0001213,O0017068,I00033892,2023-05-02,not_as_expected,145.95,approved
R0001214,O0017081,I00033920,2024-12-05,damaged,565.83,approved
R0001215,O0017085,I00033929,2024-05-31,not_as_expected,12.45,rejected
R0001216,O0017114,I00033977,2023-02-09,late_delivery,121.19,approved
R0001217,O0017125,I00034003,2024-02-09,late_delivery,10.18,approved
R0001218,O0017133,I00034019,2024-07-06,changed_mind,92.54,approved
R0001219,O0017162,I00034081,2024-12-28,wrong_size,26.37,approved
R0001220,O0017168,I00034091,2024-01-14,not_as_expected,63.55,approved
R0001221,O0017188,I00034133,2025-08-17,not_as_expected,11.34,approved
R0001222,O0017195,I00034150,2024-03-16,changed_mind,52.32,approved
R0001223,O0017196,I00034152,2023-09-18,changed_mind,93.93,approved
R0001224,O0017228,I00034204,2025-01-19,wrong_size,34.79,approved
R0001225,O0017239,I00034236,2024-10-23,not_as_expected,47.97,approved
R0001226,O0017245,I00034250,2023-05-16,wrong_size,100.11,approved
R0001227,O0017265,I00034286,2024-03-13,not_as_expected,69.32,approved
R0001228,O0017267,I00034290,2025-05-18,changed_mind,91.3,rejected
R0001229,O0017268,I00034292,2024-11-03,not_as_expected,35.66,approved
R0001230,O0017284,I00034323,2024-11-28,changed_mind,54.07,approved
R0001231,O0017286,I00034327,2024-08-10,not_as_expected,9.65,approved
R0001232,O0017321,I00034403,2023-06-26,not_as_expected,39.36,rejected
R0001233,O0017323,I00034406,2024-01-20,late_delivery,1552.74,approved
R0001234,O0017327,I00034413,2025-11-28,wrong_size,35.25,approved
R0001235,O0017332,I00034421,2025-06-06,not_as_expected,122.02,approved
R0001236,O0017344,I00034453,2024-10-05,changed_mind,25.69,approved
R0001237,O0017359,I00034487,2024-07-18,damaged,9.6,approved
R0001238,O0017381,I00034522,2025-11-07,damaged,19.86,approved
R0001239,O0017429,I00034627,2023-09-14,wrong_size,65.69,approved
R0001240,O0017440,I00034647,2023-07-17,not_as_expected,186.58,approved
R0001241,O0017441,I00034649,2025-10-07,damaged,118.63,approved
R0001242,O0017444,I00034652,2025-02-25,not_as_expected,146.75,approved
R0001243,O0017452,I00034664,2023-04-16,not_as_expected,349.99,approved
R0001244,O0017455,I00034668,2025-04-03,not_as_expected,1460.94,approved
R0001245,O0017462,I00034682,2025-03-10,not_as_expected,56.61,approved
R0001246,O0017502,I00034769,2023-05-05,not_as_expected,7.25,approved
R0001247,O0017504,I00034775,2023-06-11,damaged,33.43,approved
R0001248,O0017514,I00034793,2025-12-29,not_as_expected,84.25,approved
R0001249,O0017522,I00034806,2024-11-14,damaged,74.78,approved
R0001250,O0017526,I00034810,2025-02-27,changed_mind,73.33,approved
R0001251,O0017576,I00034909,2025-04-03,not_as_expected,39.38,approved
R0001252,O0017607,I00034971,2024-05-11,not_as_expected,52.92,approved
R0001253,O0017665,I00035079,2025-07-22,changed_mind,85.16,approved
R0001254,O0017672,I00035095,2025-09-09,wrong_size,10.51,approved
R0001255,O0017689,I00035127,2023-09-08,damaged,8.98,approved
R0001256,O0017734,I00035222,2025-01-19,damaged,599.28,approved
R0001257,O0017752,I00035254,2024-01-05,not_as_expected,44.5,approved
R0001258,O0017763,I00035281,2023-07-14,damaged,221.64,approved
R0001259,O0017779,I00035315,2024-11-24,wrong_size,225.69,approved
R0001260,O0017780,I00035316,2025-11-18,damaged,13.76,approved
R0001261,O0017787,I00035327,2023-09-21,changed_mind,29.8,approved
R0001262,O0017801,I00035356,2024-05-24,wrong_size,5.8,approved
R0001263,O0017812,I00035379,2023-11-26,not_as_expected,8.53,approved
R0001264,O0017814,I00035385,2023-05-13,wrong_size,109.04,approved
R0001265,O0017827,I00035407,2025-03-19,not_as_expected,37.26,approved
R0001266,O0017842,I00035443,2024-12-31,not_as_expected,9.5,approved
R0001267,O0017869,I00035495,2023-12-21,changed_mind,247.87,approved
R0001268,O0017871,I00035497,2025-03-22,changed_mind,19.05,approved
R0001269,O0017893,I00035542,2023-12-08,changed_mind,36.12,rejected
R0001270,O0017896,I00035545,2023-12-16,not_as_expected,17.45,approved
R0001271,O0017902,I00035556,2025-03-19,changed_mind,268.36,approved
R0001272,O0017903,I00035558,2025-05-02,changed_mind,44.65,approved
R0001273,O0017905,I00035563,2024-10-23,changed_mind,139.72,approved
R0001274,O0017906,I00035564,2025-11-15,not_as_expected,3.66,approved
R0001275,O0017923,I00035590,2023-06-22,not_as_expected,275.17,approved
R0001276,O0017968,I00035697,2024-08-24,changed_mind,8.49,approved
R0001277,O0017986,I00035735,2024-11-07,late_delivery,29.63,approved
R0001278,O0017999,I00035762,2025-09-02,not_as_expected,1694.51,approved
R0001279,O0018077,I00035924,2025-07-23,changed_mind,78.02,approved
R0001280,O0018086,I00035938,2024-08-10,late_delivery,26.67,approved
R0001281,O0018092,I00035951,2025-09-05,damaged,454.92,approved
R0001282,O0018110,I00035983,2025-08-20,wrong_size,45.52,rejected
R0001283,O0018137,I00036035,2025-06-23,wrong_size,200.83,approved
R0001284,O0018220,I00036201,2023-11-26,late_delivery,74.38,rejected
R0001285,O0018232,I00036229,2025-09-16,changed_mind,69.07,approved
R0001286,O0018275,I00036312,2025-03-10,changed_mind,57.3,rejected
R0001287,O0018277,I00036315,2024-12-28,late_delivery,58.8,approved
R0001288,O0018291,I00036342,2023-08-12,wrong_size,11,approved
R0001289,O0018297,I00036356,2023-03-27,late_delivery,119.95,approved
R0001290,O0018301,I00036368,2023-12-11,not_as_expected,64.84,approved
R0001291,O0018315,I00036394,2025-01-04,not_as_expected,215.42,approved
R0001292,O0018318,I00036403,2025-04-04,damaged,95.03,approved
R0001293,O0018321,I00036410,2025-05-20,damaged,191.65,approved
R0001294,O0018342,I00036442,2025-02-13,late_delivery,76.88,approved
R0001295,O0018362,I00036483,2023-12-25,wrong_size,36.31,approved
R0001296,O0018377,I00036514,2025-07-09,damaged,75.59,approved
R0001297,O0018395,I00036552,2023-02-14,not_as_expected,781.07,rejected
R0001298,O0018416,I00036593,2024-04-18,changed_mind,78.84,approved
R0001299,O0018431,I00036628,2025-07-31,not_as_expected,25.96,approved
R0001300,O0018436,I00036635,2024-01-13,changed_mind,62.26,approved
R0001301,O0018455,I00036666,2025-08-29,changed_mind,136.6,approved
R0001302,O0018458,I00036673,2024-04-21,not_as_expected,213.9,approved
R0001303,O0018470,I00036694,2023-08-08,damaged,113.71,approved
R0001304,O0018514,I00036773,2024-11-02,changed_mind,84.89,approved
R0001305,O0018525,I00036795,2025-02-14,damaged,24.86,approved
R0001306,O0018527,I00036799,2025-07-24,damaged,71.99,approved
R0001307,O0018549,I00036847,2025-07-25,changed_mind,42.07,approved
R0001308,O0018558,I00036866,2025-04-20,not_as_expected,119.94,approved
R0001309,O0018562,I00036875,2024-02-04,damaged,9.76,approved
R0001310,O0018567,I00036883,2025-01-08,not_as_expected,89.39,rejected
R0001311,O0018588,I00036930,2023-11-03,wrong_size,191.64,approved
R0001312,O0018591,I00036936,2024-01-01,not_as_expected,37.15,approved
R0001313,O0018601,I00036951,2023-04-01,not_as_expected,124.15,approved
R0001314,O0018603,I00036958,2024-01-30,damaged,222.68,approved
R0001315,O0018618,I00036991,2024-12-15,damaged,84.78,approved
R0001316,O0018633,I00037020,2025-12-24,damaged,21.78,approved
R0001317,O0018635,I00037024,2023-03-14,late_delivery,24.9,approved
R0001318,O0018657,I00037073,2025-07-02,not_as_expected,9.1,approved
R0001319,O0018673,I00037114,2024-12-03,wrong_size,199.54,approved
R0001320,O0018688,I00037141,2023-07-26,damaged,36.39,approved
R0001321,O0018703,I00037170,2024-03-02,late_delivery,127.86,approved
R0001322,O0018711,I00037186,2024-06-28,late_delivery,8.75,approved
R0001323,O0018724,I00037218,2025-05-08,not_as_expected,24.21,approved
R0001324,O0018726,I00037223,2023-03-29,changed_mind,490.63,approved
R0001325,O0018729,I00037230,2024-11-05,damaged,15.53,approved
R0001326,O0018777,I00037312,2023-12-03,not_as_expected,229.81,approved
R0001327,O0018778,I00037313,2024-10-08,wrong_size,25.88,approved
R0001328,O0018780,I00037316,2023-07-13,changed_mind,99.64,approved
R0001329,O0018783,I00037322,2025-08-06,late_delivery,40.81,approved
R0001330,O0018808,I00037371,2023-02-05,wrong_size,124.46,approved
R0001331,O0018829,I00037415,2024-09-17,not_as_expected,59.45,approved
R0001332,O0018848,I00037453,2023-05-04,not_as_expected,26.89,approved
R0001333,O0018860,I00037477,2024-12-12,late_delivery,58.02,rejected
R0001334,O0018869,I00037502,2023-11-04,not_as_expected,8.44,approved
R0001335,O0018879,I00037522,2024-07-17,changed_mind,110.14,approved
R0001336,O0018893,I00037545,2024-12-19,damaged,234.06,approved
R0001337,O0018894,I00037547,2025-04-09,damaged,777.27,approved
R0001338,O0018900,I00037558,2025-01-13,late_delivery,278.85,approved
R0001339,O0018901,I00037562,2023-05-28,changed_mind,99.5,approved
R0001340,O0018905,I00037569,2024-01-23,damaged,390.99,approved
R0001341,O0018929,I00037613,2023-10-08,wrong_size,106.87,approved
R0001342,O0018930,I00037615,2023-07-13,changed_mind,141.6,approved
R0001343,O0018950,I00037655,2024-04-17,not_as_expected,32.77,approved
R0001344,O0018974,I00037700,2023-06-09,late_delivery,9.75,approved
R0001345,O0018996,I00037733,2025-11-17,not_as_expected,70.85,approved
R0001346,O0019025,I00037801,2024-01-04,changed_mind,106.5,approved
R0001347,O0019042,I00037835,2024-08-26,wrong_size,52.84,approved
R0001348,O0019053,I00037855,2024-09-13,changed_mind,91.24,approved
R0001349,O0019072,I00037889,2024-04-02,not_as_expected,173.68,approved
R0001350,O0019085,I00037915,2025-04-16,not_as_expected,92.77,rejected
R0001351,O0019098,I00037940,2025-04-06,changed_mind,95.34,approved
R0001352,O0019100,I00037946,2023-10-12,damaged,36.04,approved
R0001353,O0019103,I00037950,2024-09-02,not_as_expected,23.31,approved
R0001354,O0019104,I00037953,2023-07-07,damaged,19.54,approved
R0001355,O0019107,I00037957,2025-06-14,wrong_size,31.07,approved
R0001356,O0019127,I00037994,2025-05-29,damaged,22.61,approved
R0001357,O0019131,I00038003,2023-04-05,changed_mind,29.53,approved
R0001358,O0019135,I00038009,2024-04-06,not_as_expected,93.37,approved
R0001359,O0019138,I00038014,2024-06-06,wrong_size,25.24,approved
R0001360,O0019140,I00038017,2025-08-25,late_delivery,210.92,approved
R0001361,O0019145,I00038023,2025-11-18,late_delivery,199.76,approved
R0001362,O0019150,I00038031,2025-05-13,changed_mind,4.9,approved
R0001363,O0019162,I00038055,2025-02-15,changed_mind,190.17,approved
R0001364,O0019190,I00038100,2025-04-30,late_delivery,78.95,approved
R0001365,O0019196,I00038109,2023-08-18,not_as_expected,19.61,approved
R0001366,O0019198,I00038112,2024-03-28,wrong_size,26.12,rejected
R0001367,O0019240,I00038187,2024-11-05,changed_mind,42.49,rejected
R0001368,O0019260,I00038223,2024-08-25,changed_mind,62.23,approved
R0001369,O0019282,I00038271,2025-10-02,wrong_size,113.78,approved
R0001370,O0019285,I00038279,2023-08-07,wrong_size,140.83,approved
R0001371,O0019290,I00038293,2025-06-09,not_as_expected,13.05,approved
R0001372,O0019301,I00038316,2025-05-13,not_as_expected,9.68,approved
R0001373,O0019316,I00038345,2023-07-05,damaged,125.73,approved
R0001374,O0019317,I00038347,2023-10-10,not_as_expected,73.7,approved
R0001375,O0019343,I00038395,2023-10-15,late_delivery,239.93,approved
R0001376,O0019388,I00038484,2024-01-12,damaged,51.56,approved
R0001377,O0019395,I00038493,2024-01-14,late_delivery,23.85,approved
R0001378,O0019397,I00038496,2026-01-16,wrong_size,114.44,approved
R0001379,O0019398,I00038499,2024-05-15,wrong_size,46.39,approved
R0001380,O0019406,I00038512,2025-12-17,wrong_size,57.91,approved
R0001381,O0019408,I00038514,2023-04-12,not_as_expected,142.14,approved
R0001382,O0019430,I00038563,2025-09-13,not_as_expected,39.99,approved
R0001383,O0019436,I00038575,2024-12-03,damaged,51.37,approved
R0001384,O0019465,I00038624,2024-01-24,not_as_expected,826.72,approved
R0001385,O0019466,I00038629,2025-12-29,not_as_expected,942.42,approved
R0001386,O0019470,I00038635,2023-07-12,damaged,158.88,approved
R0001387,O0019492,I00038671,2023-12-19,damaged,146.78,approved
R0001388,O0019498,I00038682,2023-08-27,not_as_expected,7.26,approved
R0001389,O0019499,I00038686,2024-02-21,not_as_expected,9.32,rejected
R0001390,O0019510,I00038709,2026-01-08,damaged,2.15,approved
R0001391,O0019511,I00038711,2024-03-21,wrong_size,84.13,approved
R0001392,O0019532,I00038769,2023-06-14,changed_mind,38.31,approved
R0001393,O0019541,I00038784,2024-09-03,changed_mind,11.74,approved
R0001394,O0019552,I00038804,2024-11-10,damaged,12.5,approved
R0001395,O0019597,I00038898,2025-08-08,not_as_expected,4.93,approved
R0001396,O0019613,I00038931,2023-01-21,wrong_size,29.23,approved
R0001397,O0019617,I00038942,2024-03-10,damaged,49.76,approved
R0001398,O0019618,I00038943,2024-05-03,damaged,15.7,approved
R0001399,O0019649,I00039019,2025-11-24,not_as_expected,92.18,approved
R0001400,O0019654,I00039031,2025-12-19,not_as_expected,8.79,approved
R0001401,O0019668,I00039061,2025-08-27,not_as_expected,27.48,approved
R0001402,O0019699,I00039128,2023-06-21,wrong_size,85.23,approved
R0001403,O0019708,I00039140,2024-09-12,changed_mind,252.57,approved
R0001404,O0019713,I00039155,2024-09-16,changed_mind,50.78,approved
R0001405,O0019718,I00039165,2023-07-13,late_delivery,9.5,approved
R0001406,O0019721,I00039169,2023-11-24,changed_mind,133.46,approved
R0001407,O0019727,I00039179,2025-01-03,not_as_expected,28.3,approved
R0001408,O0019743,I00039215,2025-06-12,late_delivery,757.46,approved
R0001409,O0019770,I00039268,2025-06-20,changed_mind,93.8,approved
R0001410,O0019809,I00039341,2025-10-28,wrong_size,334.32,approved
R0001411,O0019817,I00039355,2023-05-25,not_as_expected,61.36,rejected
R0001412,O0019820,I00039360,2026-01-17,changed_mind,46.24,approved
R0001413,O0019872,I00039460,2024-08-09,not_as_expected,65.66,approved
R0001414,O0019882,I00039478,2023-04-27,damaged,23.43,approved
R0001415,O0019884,I00039482,2023-05-18,damaged,7.77,approved
R0001416,O0019907,I00039524,2025-01-20,not_as_expected,125.7,rejected
R0001417,O0019943,I00039589,2024-01-10,wrong_size,325.8,approved
R0001418,O0019946,I00039592,2025-07-02,changed_mind,14.43,rejected
R0001419,O0019954,I00039604,2023-02-09,wrong_size,35.06,approved
R0001420,O0019965,I00039626,2024-03-18,damaged,665.98,approved
R0001421,O0019990,I00039670,2023-05-28,not_as_expected,226.22,approved
R0001422,O0019992,I00039677,2025-06-09,wrong_size,42.05,approved
R0001423,O0020001,I00039692,2025-06-10,wrong_size,27.82,approved
R0001424,O0020009,I00039709,2024-08-05,not_as_expected,121.18,approved
R0001425,O0020036,I00039764,2026-01-27,changed_mind,7.68,approved
R0001426,O0020040,I00039775,2024-04-21,late_delivery,86.74,approved
R0001427,O0020050,I00039795,2024-07-20,changed_mind,13.38,approved
R0001428,O0020076,I00039842,2023-05-11,wrong_size,273.06,approved
R0001429,O0020091,I00039870,2023-10-25,late_delivery,41.92,approved
R0001430,O0020099,I00039885,2025-02-18,damaged,121.76,approved
R0001431,O0020102,I00039889,2025-12-21,not_as_expected,146.1,approved
R0001432,O0020103,I00039890,2024-03-23,changed_mind,60.42,approved
R0001433,O0020105,I00039894,2024-03-08,damaged,70.99,approved
R0001434,O0020125,I00039927,2025-02-25,changed_mind,85.86,approved
R0001435,O0020133,I00039953,2023-09-08,wrong_size,85.13,approved
R0001436,O0020138,I00039967,2025-09-22,not_as_expected,45.18,approved
R0001437,O0020142,I00039971,2024-08-17,not_as_expected,235.48,approved
R0001438,O0020159,I00040018,2025-11-16,wrong_size,64.59,approved
R0001439,O0020180,I00040056,2023-08-01,damaged,11.99,approved
R0001440,O0020181,I00040057,2024-03-22,damaged,102.08,approved
R0001441,O0020194,I00040083,2023-09-17,not_as_expected,50.08,approved
R0001442,O0020224,I00040136,2023-08-03,damaged,61.45,approved
R0001443,O0020248,I00040175,2023-11-14,late_delivery,13.98,approved
R0001444,O0020250,I00040180,2025-05-04,changed_mind,102.86,approved
R0001445,O0020293,I00040259,2024-11-13,changed_mind,219.74,approved
R0001446,O0020299,I00040269,2024-12-26,not_as_expected,9.5,approved
R0001447,O0020304,I00040282,2023-07-20,not_as_expected,47.23,approved
R0001448,O0020307,I00040287,2026-01-01,not_as_expected,5.8,approved
R0001449,O0020313,I00040299,2025-04-05,damaged,10.19,approved
R0001450,O0020341,I00040352,2025-11-29,not_as_expected,57.15,rejected
R0001451,O0020347,I00040361,2024-07-09,changed_mind,56.89,approved
R0001452,O0020409,I00040479,2023-12-17,not_as_expected,155.46,approved
R0001453,O0020419,I00040498,2024-12-23,not_as_expected,316.02,approved
R0001454,O0020447,I00040550,2024-07-18,not_as_expected,25.92,approved
R0001455,O0020450,I00040558,2024-05-08,wrong_size,139.19,approved
R0001456,O0020456,I00040569,2025-12-06,changed_mind,183.62,approved
R0001457,O0020465,I00040589,2023-05-16,wrong_size,53.9,approved
R0001458,O0020468,I00040593,2024-01-15,wrong_size,422.93,approved
R0001459,O0020486,I00040624,2025-03-11,not_as_expected,59.34,approved
R0001460,O0020498,I00040651,2024-01-23,late_delivery,65.64,rejected
R0001461,O0020511,I00040677,2023-01-25,late_delivery,12.62,approved
R0001462,O0020522,I00040697,2025-11-23,damaged,77.01,approved
R0001463,O0020526,I00040708,2025-04-03,not_as_expected,244.74,approved
R0001464,O0020527,I00040709,2024-11-09,damaged,14.55,rejected
R0001465,O0020531,I00040718,2025-08-03,not_as_expected,31.06,approved
R0001466,O0020545,I00040747,2023-07-06,not_as_expected,164.54,approved
R0001467,O0020555,I00040771,2023-07-14,not_as_expected,39.51,approved
R0001468,O0020575,I00040807,2025-07-23,late_delivery,586.44,approved
R0001469,O0020597,I00040848,2024-08-22,not_as_expected,72.77,approved
R0001470,O0020601,I00040854,2025-02-04,late_delivery,74.14,approved
R0001471,O0020602,I00040857,2023-05-27,damaged,60.21,approved
R0001472,O0020627,I00040908,2023-08-11,wrong_size,275.67,approved
R0001473,O0020635,I00040924,2024-06-28,late_delivery,341.84,approved
R0001474,O0020668,I00040993,2024-05-03,wrong_size,30.46,approved
R0001475,O0020765,I00041198,2025-12-21,not_as_expected,157.49,approved
R0001476,O0020784,I00041244,2023-04-28,damaged,97.01,approved
R0001477,O0020819,I00041315,2023-03-27,not_as_expected,42.91,approved
R0001478,O0020848,I00041368,2023-07-19,late_delivery,82.63,approved
R0001479,O0020884,I00041431,2025-02-23,wrong_size,71.5,approved
R0001480,O0020909,I00041484,2025-10-29,not_as_expected,86.86,approved
R0001481,O0020917,I00041503,2025-02-25,changed_mind,12.71,approved
R0001482,O0020955,I00041586,2024-02-07,damaged,81.53,approved
R0001483,O0020957,I00041590,2024-12-03,damaged,30.52,approved
R0001484,O0020961,I00041599,2023-08-04,not_as_expected,52.79,approved
R0001485,O0020964,I00041610,2023-08-18,damaged,53.88,approved
R0001486,O0020971,I00041621,2023-12-11,damaged,54.09,approved
R0001487,O0020982,I00041646,2025-04-03,late_delivery,107.38,approved
R0001488,O0020992,I00041660,2025-04-10,late_delivery,16.56,rejected
R0001489,O0020996,I00041671,2025-12-15,changed_mind,73.39,approved
R0001490,O0021025,I00041727,2024-07-17,changed_mind,167.61,approved
R0001491,O0021030,I00041735,2026-01-06,changed_mind,19.02,approved
R0001492,O0021031,I00041736,2024-04-06,wrong_size,12.09,approved
R0001493,O0021043,I00041763,2025-01-04,changed_mind,9.36,approved
R0001494,O0021058,I00041783,2025-05-23,changed_mind,9.5,approved
R0001495,O0021064,I00041801,2025-12-11,wrong_size,80.39,approved
R0001496,O0021076,I00041826,2023-11-09,damaged,176.65,approved
R0001497,O0021083,I00041842,2025-11-11,not_as_expected,110.72,approved
R0001498,O0021092,I00041862,2024-06-19,not_as_expected,585.32,approved
R0001499,O0021097,I00041881,2024-08-13,wrong_size,68.02,approved
R0001500,O0021117,I00041937,2023-03-27,not_as_expected,141.35,approved
R0001501,O0021128,I00041958,2025-12-04,wrong_size,8.77,approved
R0001502,O0021131,I00041964,2024-08-10,not_as_expected,100.73,approved
R0001503,O0021142,I00041983,2025-01-17,damaged,108.23,approved
R0001504,O0021154,I00042008,2024-11-25,not_as_expected,39.16,approved
R0001505,O0021155,I00042010,2024-07-17,changed_mind,35.25,approved
R0001506,O0021174,I00042047,2024-11-08,wrong_size,27.35,approved
R0001507,O0021177,I00042052,2024-01-14,damaged,9.39,approved
R0001508,O0021204,I00042106,2023-05-27,not_as_expected,9.86,approved
R0001509,O0021211,I00042122,2024-10-26,changed_mind,382.41,approved
R0001510,O0021220,I00042135,2023-05-17,not_as_expected,11.27,approved
R0001511,O0021222,I00042138,2024-02-26,changed_mind,97.22,approved
R0001512,O0021225,I00042144,2025-08-07,damaged,9.74,rejected
R0001513,O0021248,I00042186,2023-10-29,damaged,51.96,approved
R0001514,O0021275,I00042230,2025-03-22,late_delivery,35.31,approved
R0001515,O0021284,I00042247,2024-02-18,not_as_expected,53.75,rejected
R0001516,O0021305,I00042282,2025-09-21,not_as_expected,1.67,approved
R0001517,O0021307,I00042284,2024-04-28,wrong_size,3.31,approved
R0001518,O0021337,I00042341,2023-11-09,changed_mind,13.99,approved
R0001519,O0021339,I00042343,2025-10-22,not_as_expected,469.46,approved
R0001520,O0021346,I00042357,2025-04-04,not_as_expected,89.25,rejected
R0001521,O0021376,I00042418,2023-10-08,not_as_expected,235.45,approved
R0001522,O0021398,I00042466,2025-02-28,not_as_expected,164.82,approved
R0001523,O0021407,I00042486,2024-01-10,damaged,11.48,approved
R0001524,O0021435,I00042554,2025-07-19,not_as_expected,30.88,approved
R0001525,O0021439,I00042560,2023-04-14,damaged,108.91,approved
R0001526,O0021440,I00042561,2025-07-10,not_as_expected,86.77,approved
R0001527,O0021449,I00042574,2024-07-08,wrong_size,2355,approved
R0001528,O0021481,I00042649,2024-10-19,damaged,42.17,approved
R0001529,O0021488,I00042661,2024-05-16,changed_mind,173.7,approved
R0001530,O0021491,I00042666,2025-01-09,not_as_expected,110.19,approved
R0001531,O0021532,I00042747,2024-12-19,damaged,70.57,approved
R0001532,O0021538,I00042755,2024-08-14,changed_mind,38.99,approved
R0001533,O0021539,I00042759,2025-01-28,not_as_expected,53.76,approved
R0001534,O0021549,I00042779,2024-01-26,wrong_size,101.54,approved
R0001535,O0021550,I00042780,2025-10-24,not_as_expected,81.99,approved
R0001536,O0021561,I00042807,2024-01-26,late_delivery,59.99,rejected
R0001537,O0021609,I00042896,2024-04-12,wrong_size,139.53,approved
R0001538,O0021615,I00042908,2024-05-16,late_delivery,78.23,rejected
R0001539,O0021621,I00042919,2023-07-25,wrong_size,780.54,approved
R0001540,O0021628,I00042931,2025-07-23,not_as_expected,330.66,approved
R0001541,O0021646,I00042968,2025-11-01,damaged,32.25,approved
R0001542,O0021669,I00043007,2024-10-24,damaged,153.68,approved
R0001543,O0021678,I00043027,2025-03-27,damaged,50.4,approved
R0001544,O0021683,I00043038,2024-03-30,not_as_expected,104.45,approved
R0001545,O0021684,I00043039,2024-01-02,late_delivery,62.13,approved
R0001546,O0021703,I00043074,2023-07-19,changed_mind,101.31,approved
R0001547,O0021719,I00043109,2025-07-07,damaged,77.94,approved
R0001548,O0021720,I00043110,2025-01-22,late_delivery,27.6,approved
R0001549,O0021726,I00043122,2026-01-15,not_as_expected,226.44,approved
R0001550,O0021727,I00043123,2024-03-30,wrong_size,59.43,rejected
R0001551,O0021730,I00043128,2024-06-18,not_as_expected,70.81,approved
R0001552,O0021745,I00043152,2024-09-24,damaged,9.53,approved
R0001553,O0021799,I00043252,2025-06-15,wrong_size,33.05,approved
R0001554,O0021814,I00043277,2024-02-05,changed_mind,18.85,rejected
R0001555,O0021839,I00043329,2024-06-14,not_as_expected,36.5,approved
R0001556,O0021850,I00043351,2024-10-22,damaged,9.37,approved
R0001557,O0021893,I00043441,2025-06-05,damaged,768.64,approved
R0001558,O0021898,I00043457,2024-11-02,changed_mind,366.66,approved
R0001559,O0021900,I00043463,2023-05-12,not_as_expected,31.58,approved
R0001560,O0021907,I00043477,2023-09-09,not_as_expected,5.4,approved
R0001561,O0021909,I00043486,2024-10-26,changed_mind,53.5,approved
R0001562,O0021915,I00043498,2024-04-19,changed_mind,217.5,approved
R0001563,O0021928,I00043529,2023-01-13,damaged,28.23,approved
R0001564,O0021931,I00043535,2025-09-01,not_as_expected,373.18,approved
R0001565,O0021937,I00043551,2025-12-11,not_as_expected,173.67,approved
R0001566,O0021943,I00043564,2025-03-29,changed_mind,8.74,approved
R0001567,O0021944,I00043567,2024-11-20,not_as_expected,125.18,approved
R0001568,O0021958,I00043600,2023-03-23,damaged,41.53,rejected
R0001569,O0021975,I00043636,2023-08-06,not_as_expected,117.85,approved
R0001570,O0021976,I00043637,2024-11-15,not_as_expected,27.86,approved
R0001571,O0021981,I00043646,2024-05-01,damaged,84.46,rejected
R0001572,O0022004,I00043687,2023-09-27,damaged,225.65,approved
R0001573,O0022009,I00043694,2024-12-20,changed_mind,104.38,approved
R0001574,O0022012,I00043699,2023-06-29,late_delivery,174.6,approved
R0001575,O0022026,I00043727,2023-06-10,late_delivery,96.54,approved
R0001576,O0022028,I00043734,2023-04-14,changed_mind,61.27,approved
R0001577,O0022031,I00043741,2025-10-17,changed_mind,65.66,approved
R0001578,O0022035,I00043746,2025-12-07,wrong_size,83.54,rejected
R0001579,O0022043,I00043773,2023-02-12,wrong_size,63.01,approved
R0001580,O0022055,I00043803,2025-11-24,late_delivery,55.99,approved
R0001581,O0022058,I00043808,2024-08-18,late_delivery,80.98,approved
R0001582,O0022073,I00043832,2023-03-01,wrong_size,83.92,rejected
R0001583,O0022076,I00043839,2024-06-21,changed_mind,259.35,approved
R0001584,O0022078,I00043851,2023-10-26,damaged,307.53,rejected
R0001585,O0022084,I00043866,2023-07-30,not_as_expected,619.23,approved
R0001586,O0022123,I00043943,2024-02-24,changed_mind,456.45,approved
R0001587,O0022137,I00043967,2023-07-17,wrong_size,5.2,approved
R0001588,O0022188,I00044087,2025-09-07,changed_mind,60.35,rejected
R0001589,O0022196,I00044105,2024-07-28,late_delivery,24.44,approved
R0001590,O0022197,I00044106,2023-04-05,not_as_expected,2.55,approved
R0001591,O0022220,I00044146,2025-04-12,changed_mind,1103.98,approved
R0001592,O0022243,I00044190,2023-10-11,late_delivery,70,approved
R0001593,O0022261,I00044224,2023-04-05,late_delivery,10.25,approved
R0001594,O0022269,I00044240,2023-03-11,not_as_expected,125.6,approved
R0001595,O0022272,I00044247,2024-12-20,damaged,68.49,approved
R0001596,O0022281,I00044264,2023-12-30,not_as_expected,110.08,approved
R0001597,O0022302,I00044304,2025-04-04,damaged,6.04,approved
R0001598,O0022307,I00044316,2025-05-17,wrong_size,42.76,approved
R0001599,O0022323,I00044347,2024-04-09,not_as_expected,13.16,approved
R0001600,O0022353,I00044406,2025-01-15,not_as_expected,9.96,approved
R0001601,O0022394,I00044497,2025-07-07,wrong_size,204.9,approved
R0001602,O0022405,I00044514,2024-04-09,wrong_size,705.7,approved
R0001603,O0022415,I00044536,2023-08-28,late_delivery,70,approved
R0001604,O0022435,I00044574,2023-12-13,not_as_expected,635.85,approved
R0001605,O0022453,I00044602,2024-03-21,damaged,26.68,approved
R0001606,O0022457,I00044610,2023-06-27,damaged,183.93,approved
R0001607,O0022482,I00044667,2023-07-24,not_as_expected,34.57,approved
R0001608,O0022490,I00044687,2024-08-05,changed_mind,137.8,approved
R0001609,O0022495,I00044698,2025-03-18,late_delivery,28.84,approved
R0001610,O0022511,I00044734,2025-07-14,changed_mind,15.88,approved
R0001611,O0022542,I00044796,2023-04-29,wrong_size,80.67,approved
R0001612,O0022552,I00044819,2025-11-26,late_delivery,11.17,approved
R0001613,O0022580,I00044878,2024-11-15,late_delivery,682.14,approved
R0001614,O0022590,I00044898,2024-11-29,wrong_size,40.91,approved
R0001615,O0022599,I00044914,2023-07-20,damaged,65.75,approved
R0001616,O0022610,I00044935,2024-08-25,changed_mind,118.15,approved
R0001617,O0022624,I00044967,2025-06-22,changed_mind,99.18,approved
R0001618,O0022631,I00044980,2023-06-27,changed_mind,4.92,rejected
R0001619,O0022637,I00044993,2024-02-19,damaged,44.92,approved
R0001620,O0022647,I00045006,2024-12-03,not_as_expected,28.17,approved
R0001621,O0022651,I00045016,2023-01-14,not_as_expected,95.58,approved
R0001622,O0022658,I00045033,2025-12-14,not_as_expected,659.61,approved
R0001623,O0022666,I00045050,2024-10-10,not_as_expected,78.07,approved
R0001624,O0022674,I00045070,2025-10-11,wrong_size,3.54,approved
R0001625,O0022676,I00045072,2025-10-04,not_as_expected,644.8,approved
R0001626,O0022703,I00045119,2024-01-08,late_delivery,17.41,approved
R0001627,O0022713,I00045138,2023-07-15,wrong_size,26.18,approved
R0001628,O0022719,I00045154,2024-09-24,late_delivery,11.7,approved
R0001629,O0022723,I00045159,2024-06-08,changed_mind,338.74,approved
R0001630,O0022726,I00045165,2023-06-08,changed_mind,66.65,approved
R0001631,O0022727,I00045166,2023-03-12,wrong_size,15.08,approved
R0001632,O0022733,I00045173,2024-03-17,not_as_expected,252.69,approved
R0001633,O0022734,I00045174,2024-04-20,not_as_expected,174.52,rejected
R0001634,O0022759,I00045226,2023-12-01,not_as_expected,429.15,approved
R0001635,O0022784,I00045278,2025-06-27,late_delivery,332.88,approved
R0001636,O0022802,I00045314,2025-09-24,wrong_size,431.62,approved
R0001637,O0022811,I00045333,2024-09-27,not_as_expected,20.06,approved
R0001638,O0022827,I00045362,2025-12-07,wrong_size,21.72,approved
R0001639,O0022838,I00045378,2024-05-24,not_as_expected,29.43,rejected
R0001640,O0022842,I00045386,2024-04-11,late_delivery,16.79,approved
R0001641,O0022843,I00045387,2023-05-15,not_as_expected,87.58,rejected
R0001642,O0022863,I00045420,2024-09-24,wrong_size,81.64,approved
R0001643,O0022877,I00045449,2024-06-07,late_delivery,5.38,approved
R0001644,O0022920,I00045526,2023-04-22,late_delivery,109.53,approved
R0001645,O0022962,I00045616,2023-12-17,not_as_expected,167.02,approved
R0001646,O0022966,I00045624,2023-03-31,late_delivery,41.59,approved
R0001647,O0023020,I00045744,2025-05-26,not_as_expected,529.28,approved
R0001648,O0023037,I00045777,2025-08-03,not_as_expected,380.9,approved
R0001649,O0023057,I00045815,2025-04-17,late_delivery,94.38,approved
R0001650,O0023070,I00045832,2025-12-18,not_as_expected,40.75,approved
R0001651,O0023083,I00045859,2024-01-07,wrong_size,54.4,rejected
R0001652,O0023086,I00045862,2025-01-01,late_delivery,117.8,approved
R0001653,O0023087,I00045865,2023-09-06,changed_mind,642.8,approved
R0001654,O0023092,I00045878,2023-11-28,damaged,666.87,approved
R0001655,O0023109,I00045907,2025-01-18,damaged,98.76,approved
R0001656,O0023126,I00045940,2024-07-29,damaged,175.88,approved
R0001657,O0023127,I00045943,2023-07-01,wrong_size,40.35,approved
R0001658,O0023130,I00045946,2025-04-20,changed_mind,12.1,approved
R0001659,O0023135,I00045953,2025-01-21,wrong_size,61.05,approved
R0001660,O0023136,I00045958,2025-02-10,wrong_size,15.87,approved
R0001661,O0023139,I00045968,2025-01-07,changed_mind,83.87,approved
R0001662,O0023155,I00045995,2025-11-19,damaged,65.46,approved
R0001663,O0023173,I00046031,2023-09-14,not_as_expected,192.58,approved
R0001664,O0023174,I00046032,2024-09-30,wrong_size,51.26,approved
R0001665,O0023178,I00046040,2023-08-14,changed_mind,70.02,approved
R0001666,O0023202,I00046090,2023-06-06,changed_mind,74.61,approved
R0001667,O0023210,I00046107,2025-01-13,changed_mind,42.95,approved
R0001668,O0023219,I00046124,2024-12-26,damaged,99.13,approved
R0001669,O0023226,I00046138,2023-09-02,not_as_expected,8.4,approved
R0001670,O0023228,I00046144,2024-12-18,damaged,295.84,approved
R0001671,O0023234,I00046153,2025-06-19,wrong_size,226.05,approved
R0001672,O0023259,I00046198,2023-10-05,changed_mind,112.74,approved
R0001673,O0023261,I00046201,2023-09-30,changed_mind,145.95,approved
R0001674,O0023273,I00046221,2025-05-19,damaged,1067.8,approved
R0001675,O0023287,I00046243,2024-10-20,late_delivery,66.29,approved
R0001676,O0023298,I00046267,2024-08-10,changed_mind,321.02,approved
R0001677,O0023304,I00046278,2023-10-13,damaged,5.75,approved
R0001678,O0023315,I00046299,2023-12-05,damaged,39.78,approved
R0001679,O0023332,I00046332,2023-09-08,late_delivery,103.47,approved
R0001680,O0023346,I00046356,2025-05-27,changed_mind,54.24,approved
R0001681,O0023351,I00046373,2025-12-12,damaged,442.2,approved
R0001682,O0023358,I00046385,2023-09-14,damaged,13.4,approved
R0001683,O0023387,I00046438,2023-05-30,not_as_expected,102.27,approved
R0001684,O0023416,I00046483,2023-12-10,damaged,42.45,rejected
R0001685,O0023448,I00046540,2024-01-14,late_delivery,80.3,rejected
R0001686,O0023479,I00046605,2024-12-20,not_as_expected,17.81,approved
R0001687,O0023485,I00046621,2026-01-08,damaged,15.86,approved
R0001688,O0023501,I00046653,2024-12-17,wrong_size,56.47,approved
R0001689,O0023505,I00046666,2025-02-17,damaged,361.16,approved
R0001690,O0023531,I00046722,2025-08-09,not_as_expected,43.56,approved
R0001691,O0023585,I00046827,2023-04-28,wrong_size,89.49,approved
R0001692,O0023592,I00046842,2024-02-29,not_as_expected,20.55,approved
R0001693,O0023598,I00046853,2024-10-19,changed_mind,26.66,approved
R0001694,O0023667,I00046980,2025-05-10,changed_mind,36.65,approved
R0001695,O0023668,I00046981,2023-08-08,damaged,418.46,approved
R0001696,O0023671,I00046985,2025-09-18,late_delivery,16.32,rejected
R0001697,O0023690,I00047019,2025-01-18,damaged,61.8,approved
R0001698,O0023698,I00047036,2024-01-27,not_as_expected,26.73,approved
R0001699,O0023743,I00047125,2025-08-06,not_as_expected,37.41,approved
R0001700,O0023773,I00047182,2024-10-22,late_delivery,28.76,approved
R0001701,O0023778,I00047190,2024-05-12,changed_mind,61.27,rejected
R0001702,O0023822,I00047275,2025-02-13,damaged,45.9,approved
R0001703,O0023840,I00047311,2025-04-18,not_as_expected,10.12,approved
R0001704,O0023847,I00047324,2023-09-07,damaged,47.27,approved
R0001705,O0023849,I00047329,2023-12-04,wrong_size,68.51,approved
R0001706,O0023873,I00047377,2025-08-27,wrong_size,84.05,approved
R0001707,O0023899,I00047425,2024-03-14,damaged,32.03,approved
R0001708,O0023905,I00047438,2025-10-07,wrong_size,45.71,approved
R0001709,O0023942,I00047514,2023-08-01,wrong_size,49.08,approved
R0001710,O0023952,I00047535,2025-02-23,not_as_expected,43.54,approved
R0001711,O0023961,I00047552,2024-05-23,not_as_expected,21.44,approved
R0001712,O0023967,I00047564,2023-01-17,damaged,36.65,approved
R0001713,O0023976,I00047575,2023-12-30,wrong_size,82,rejected
R0001714,O0023979,I00047580,2024-03-26,late_delivery,72.86,approved
R0001715,O0023981,I00047583,2024-11-25,changed_mind,85.19,approved
R0001716,O0023983,I00047589,2023-08-22,damaged,39.03,approved
R0001717,O0024016,I00047646,2025-12-14,late_delivery,5.21,approved
R0001718,O0024093,I00047796,2025-12-14,damaged,42.22,approved
R0001719,O0024103,I00047816,2025-06-15,changed_mind,83.54,approved
R0001720,O0024116,I00047843,2025-02-02,not_as_expected,19.36,approved
R0001721,O0024118,I00047847,2023-12-21,damaged,47.14,approved
R0001722,O0024130,I00047874,2023-07-31,damaged,253.25,approved
R0001723,O0024131,I00047875,2024-08-07,wrong_size,12.82,approved
R0001724,O0024145,I00047910,2024-11-03,changed_mind,10,approved
R0001725,O0024152,I00047924,2025-02-01,changed_mind,88.78,approved
R0001726,O0024153,I00047927,2024-12-23,wrong_size,32.45,approved
R0001727,O0024156,I00047933,2024-06-10,wrong_size,23.89,approved
R0001728,O0024157,I00047934,2024-03-13,changed_mind,103.7,approved
R0001729,O0024182,I00047975,2024-04-26,changed_mind,712.18,approved
R0001730,O0024209,I00048021,2023-07-05,changed_mind,28.95,approved
R0001731,O0024244,I00048083,2023-09-09,not_as_expected,57.25,approved
R0001732,O0024247,I00048089,2023-10-07,damaged,3297.76,approved
R0001733,O0024251,I00048094,2025-01-14,wrong_size,0.67,approved
R0001734,O0024263,I00048122,2024-06-18,damaged,128.86,approved
R0001735,O0024291,I00048168,2024-10-20,not_as_expected,38.07,approved
R0001736,O0024301,I00048187,2025-07-26,damaged,97.26,approved
R0001737,O0024330,I00048249,2025-08-16,not_as_expected,72.45,rejected
R0001738,O0024337,I00048262,2023-09-22,changed_mind,38.65,approved
R0001739,O0024339,I00048265,2024-10-09,damaged,14.2,approved
R0001740,O0024348,I00048280,2025-09-28,not_as_expected,83.26,approved
R0001741,O0024361,I00048303,2023-06-01,wrong_size,47.24,approved
R0001742,O0024392,I00048352,2023-03-04,not_as_expected,114.58,approved
R0001743,O0024406,I00048372,2024-11-22,not_as_expected,102.33,approved
R0001744,O0024432,I00048436,2023-08-06,wrong_size,227.82,approved
R0001745,O0024436,I00048447,2023-01-30,changed_mind,78.35,approved
R0001746,O0024460,I00048505,2023-11-29,wrong_size,54.09,approved
R0001747,O0024461,I00048508,2024-12-24,not_as_expected,50.98,approved
R0001748,O0024464,I00048517,2023-10-07,changed_mind,145.43,approved
R0001749,O0024485,I00048559,2025-03-24,not_as_expected,9.78,approved
R0001750,O0024487,I00048562,2024-10-12,wrong_size,13.83,approved
R0001751,O0024490,I00048566,2023-08-01,late_delivery,27.48,approved
R0001752,O0024506,I00048595,2024-09-08,not_as_expected,550.02,approved
R0001753,O0024511,I00048605,2024-07-13,changed_mind,36.89,approved
R0001754,O0024549,I00048683,2023-09-19,changed_mind,7.84,approved
R0001755,O0024557,I00048699,2024-01-11,wrong_size,85.46,approved
R0001756,O0024558,I00048700,2023-12-30,damaged,4.6,rejected
R0001757,O0024624,I00048832,2025-03-18,damaged,87.1,approved
R0001758,O0024626,I00048834,2024-03-27,damaged,66.76,approved
R0001759,O0024640,I00048859,2025-05-06,damaged,4.89,approved
R0001760,O0024643,I00048867,2025-10-31,wrong_size,38.4,rejected
R0001761,O0024647,I00048873,2023-03-07,wrong_size,9.88,approved
R0001762,O0024648,I00048876,2024-09-18,not_as_expected,57.41,approved
R0001763,O0024676,I00048921,2023-12-02,changed_mind,58.75,approved
R0001764,O0024680,I00048926,2025-08-11,not_as_expected,236.77,approved
R0001765,O0024700,I00048957,2024-09-25,not_as_expected,216.37,approved
R0001766,O0024704,I00048966,2025-04-08,changed_mind,12.65,approved
R0001767,O0024708,I00048973,2024-05-13,late_delivery,74.13,approved
R0001768,O0024739,I00049032,2025-11-25,not_as_expected,61.65,rejected
R0001769,O0024771,I00049100,2025-04-07,damaged,90.38,approved
R0001770,O0024787,I00049130,2024-07-31,not_as_expected,3.22,approved
R0001771,O0024793,I00049141,2025-05-20,late_delivery,27.74,approved
R0001772,O0024794,I00049142,2025-01-12,wrong_size,53.82,approved
R0001773,O0024809,I00049171,2024-09-17,late_delivery,202.47,approved
R0001774,O0024810,I00049174,2023-12-12,wrong_size,494.36,approved
R0001775,O0024825,I00049203,2024-11-10,wrong_size,79.37,approved
R0001776,O0024830,I00049213,2025-12-29,late_delivery,25.16,approved
R0001777,O0024852,I00049259,2024-01-26,wrong_size,59.61,approved
R0001778,O0024869,I00049292,2023-12-13,not_as_expected,110.98,approved
R0001779,O0024885,I00049332,2024-02-22,not_as_expected,76.17,approved
R0001780,O0024900,I00049359,2025-11-07,changed_mind,57.26,approved
R0001781,O0024908,I00049376,2023-09-05,changed_mind,18.54,approved
R0001782,O0024922,I00049406,2025-09-06,changed_mind,99.91,approved
R0001783,O0024928,I00049417,2025-10-09,not_as_expected,61.21,approved
R0001784,O0024932,I00049424,2025-08-16,late_delivery,189.92,approved
R0001785,O0024939,I00049434,2023-08-01,changed_mind,197,approved
R0001786,O0024960,I00049477,2025-12-06,not_as_expected,36.74,rejected
R0001787,O0024965,I00049488,2023-06-22,wrong_size,161.41,approved
R0001788,O0024996,I00049554,2023-03-20,changed_mind,109.58,approved
R0001789,O0025076,I00049701,2023-11-29,damaged,54.7,approved
R0001790,O0025080,I00049709,2025-07-30,wrong_size,188.39,approved
R0001791,O0025085,I00049717,2023-06-25,wrong_size,404.84,approved
R0001792,O0025090,I00049727,2023-06-13,not_as_expected,29.82,approved
R0001793,O0025097,I00049743,2025-08-08,damaged,212.14,approved
R0001794,O0025099,I00049751,2023-06-04,damaged,53.69,approved
R0001795,O0025115,I00049786,2025-01-07,not_as_expected,107.12,approved
R0001796,O0025116,I00049789,2025-11-03,wrong_size,72.21,rejected
R0001797,O0025168,I00049896,2023-12-23,not_as_expected,72.69,approved
R0001798,O0025213,I00049977,2024-11-25,damaged,26.11,approved
R0001799,O0025233,I00050014,2023-12-23,not_as_expected,72.51,approved
R0001800,O0025236,I00050019,2024-08-28,late_delivery,179.77,approved
R0001801,O0025237,I00050021,2023-07-16,late_delivery,218.4,approved
R0001802,O0025239,I00050032,2025-06-07,changed_mind,48.94,approved
R0001803,O0025279,I00050111,2023-02-10,wrong_size,35.83,approved
R0001804,O0025336,I00050220,2026-01-15,not_as_expected,51.84,approved
R0001805,O0025337,I00050224,2023-02-25,late_delivery,16.57,approved
R0001806,O0025338,I00050225,2024-09-05,not_as_expected,94.93,approved
R0001807,O0025344,I00050234,2024-03-09,not_as_expected,371.84,approved
R0001808,O0025363,I00050271,2025-11-25,not_as_expected,3.36,approved
R0001809,O0025385,I00050314,2025-12-01,late_delivery,12.63,approved
R0001810,O0025392,I00050331,2024-07-01,not_as_expected,194.42,approved
R0001811,O0025404,I00050356,2023-07-20,not_as_expected,42.25,rejected
R0001812,O0025420,I00050393,2025-03-04,changed_mind,64.07,approved
R0001813,O0025425,I00050401,2024-11-06,not_as_expected,35.77,approved
R0001814,O0025458,I00050467,2025-09-14,not_as_expected,128.93,approved
R0001815,O0025473,I00050500,2025-07-14,wrong_size,66.27,approved
R0001816,O0025474,I00050501,2023-11-16,damaged,76.66,approved
R0001817,O0025493,I00050551,2024-07-16,changed_mind,102.1,approved
R0001818,O0025499,I00050561,2023-06-02,not_as_expected,16.38,approved
R0001819,O0025519,I00050600,2024-03-05,changed_mind,44.65,approved
R0001820,O0025532,I00050637,2023-09-09,wrong_size,90.23,approved
R0001821,O0025559,I00050690,2025-01-23,damaged,121.61,approved
R0001822,O0025562,I00050693,2023-03-10,late_delivery,96.11,approved
R0001823,O0025563,I00050695,2023-06-15,not_as_expected,134.47,approved
R0001824,O0025591,I00050749,2025-08-18,not_as_expected,24.18,approved
R0001825,O0025596,I00050759,2023-12-14,not_as_expected,52.55,approved
R0001826,O0025607,I00050777,2023-03-13,damaged,279.88,approved
R0001827,O0025610,I00050781,2023-07-31,changed_mind,406.24,approved
R0001828,O0025618,I00050793,2025-07-17,not_as_expected,102.87,approved
R0001829,O0025623,I00050803,2023-12-28,not_as_expected,12.95,approved
R0001830,O0025646,I00050846,2023-10-07,changed_mind,95.48,approved
R0001831,O0025683,I00050909,2023-07-04,late_delivery,51.29,approved
R0001832,O0025685,I00050915,2024-12-08,damaged,85.08,approved
R0001833,O0025734,I00051006,2024-05-19,damaged,262.35,approved
R0001834,O0025746,I00051026,2025-07-09,not_as_expected,132.46,approved
R0001835,O0025747,I00051027,2023-02-01,late_delivery,25.62,approved
R0001836,O0025759,I00051052,2023-06-16,changed_mind,47.86,approved
R0001837,O0025762,I00051059,2023-11-10,not_as_expected,54.86,approved
R0001838,O0025808,I00051162,2025-10-02,late_delivery,44.12,approved
R0001839,O0025822,I00051184,2024-08-02,wrong_size,201.61,approved
R0001840,O0025823,I00051186,2025-08-23,late_delivery,18,approved
R0001841,O0025824,I00051187,2024-08-23,not_as_expected,57.72,approved
R0001842,O0025828,I00051193,2024-01-18,damaged,563.41,approved
R0001843,O0025830,I00051197,2024-12-10,wrong_size,33.8,approved
R0001844,O0025839,I00051217,2024-08-26,changed_mind,304.26,approved
R0001845,O0025849,I00051234,2026-01-12,damaged,10.17,approved
R0001846,O0025861,I00051256,2023-11-17,wrong_size,11.58,approved
R0001847,O0025870,I00051275,2023-02-08,wrong_size,34.32,approved
R0001848,O0025873,I00051278,2025-02-03,not_as_expected,253.8,approved
R0001849,O0025879,I00051289,2023-05-13,damaged,360.46,rejected
R0001850,O0025908,I00051345,2025-12-04,not_as_expected,12.43,approved
R0001851,O0025915,I00051359,2023-11-12,not_as_expected,99.17,approved
R0001852,O0025948,I00051423,2024-01-03,wrong_size,41.33,approved
R0001853,O0025957,I00051441,2025-06-19,not_as_expected,14.75,approved
R0001854,O0025960,I00051446,2024-09-04,changed_mind,40.71,approved
R0001855,O0025962,I00051448,2024-09-25,changed_mind,52.84,approved
R0001856,O0025967,I00051456,2023-03-26,changed_mind,99.41,approved
R0001857,O0025970,I00051462,2025-11-08,changed_mind,227.41,approved
R0001858,O0025971,I00051465,2023-11-21,damaged,17.08,approved
R0001859,O0025978,I00051483,2024-03-20,wrong_size,197.88,approved
R0001860,O0025984,I00051496,2025-10-22,not_as_expected,214.21,approved
R0001861,O0026004,I00051527,2025-12-24,damaged,815.75,approved
R0001862,O0026022,I00051566,2024-10-16,damaged,4.25,approved
R0001863,O0026024,I00051569,2025-08-25,not_as_expected,138.6,approved
R0001864,O0026029,I00051580,2024-03-13,not_as_expected,257.64,approved
R0001865,O0026048,I00051619,2024-08-17,damaged,175.82,approved
R0001866,O0026080,I00051687,2023-07-02,wrong_size,541.01,approved
R0001867,O0026114,I00051749,2023-03-19,damaged,141.9,approved
R0001868,O0026124,I00051767,2025-05-25,late_delivery,12.74,approved
R0001869,O0026144,I00051815,2023-10-12,changed_mind,20.79,approved
R0001870,O0026168,I00051868,2024-12-14,damaged,1091.68,approved
R0001871,O0026170,I00051872,2023-10-30,damaged,172.35,approved
R0001872,O0026171,I00051873,2024-09-24,wrong_size,10.07,rejected
R0001873,O0026187,I00051899,2025-12-15,wrong_size,19.57,approved
R0001874,O0026208,I00051947,2024-05-16,wrong_size,36.99,approved
R0001875,O0026214,I00051960,2025-05-29,not_as_expected,21.53,approved
R0001876,O0026216,I00051963,2024-01-20,damaged,90.13,approved
R0001877,O0026226,I00051983,2024-01-21,damaged,215.92,approved
R0001878,O0026230,I00051991,2024-07-09,wrong_size,12.79,approved
R0001879,O0026237,I00052000,2024-08-28,damaged,33.67,approved
R0001880,O0026241,I00052012,2023-05-28,wrong_size,38.84,approved
R0001881,O0026246,I00052028,2025-10-05,not_as_expected,24.01,approved
R0001882,O0026255,I00052046,2023-09-23,late_delivery,52.8,approved
R0001883,O0026262,I00052067,2023-09-01,changed_mind,47.79,approved
R0001884,O0026267,I00052078,2023-05-29,changed_mind,24.14,approved
R0001885,O0026284,I00052113,2024-04-02,damaged,746.91,rejected
R0001886,O0026287,I00052116,2025-08-18,not_as_expected,176.88,rejected
R0001887,O0026296,I00052130,2025-02-18,late_delivery,328.78,approved
R0001888,O0026307,I00052154,2023-12-26,not_as_expected,176.77,approved
R0001889,O0026314,I00052167,2025-06-15,changed_mind,55.69,approved
R0001890,O0026326,I00052189,2024-10-19,changed_mind,53.74,approved
R0001891,O0026366,I00052263,2024-05-26,wrong_size,31.6,approved
R0001892,O0026393,I00052325,2025-09-02,damaged,18.52,approved
R0001893,O0026398,I00052338,2025-08-11,wrong_size,26.06,approved
R0001894,O0026428,I00052396,2023-10-23,damaged,82.59,approved
R0001895,O0026457,I00052456,2024-01-23,wrong_size,53.24,approved
R0001896,O0026460,I00052461,2025-04-23,changed_mind,9.47,approved
R0001897,O0026493,I00052519,2025-10-15,not_as_expected,40.99,approved
R0001898,O0026497,I00052529,2025-11-15,not_as_expected,23.16,approved
R0001899,O0026500,I00052533,2024-07-19,wrong_size,15.48,approved
R0001900,O0026535,I00052598,2024-07-25,not_as_expected,93.49,rejected
R0001901,O0026541,I00052605,2024-12-29,late_delivery,36.27,approved
R0001902,O0026561,I00052643,2023-12-10,changed_mind,22.38,approved
R0001903,O0026587,I00052700,2024-05-03,damaged,171.19,approved
R0001904,O0026588,I00052704,2025-12-19,changed_mind,82.15,approved
R0001905,O0026594,I00052717,2024-05-07,not_as_expected,84.17,approved
R0001906,O0026601,I00052731,2025-07-26,changed_mind,15.58,rejected
R0001907,O0026618,I00052770,2023-11-25,wrong_size,7.11,approved
R0001908,O0026627,I00052789,2025-12-15,changed_mind,856.66,approved
R0001909,O0026641,I00052814,2024-12-08,changed_mind,24.73,approved
R0001910,O0026644,I00052821,2025-01-25,not_as_expected,277.63,approved
R0001911,O0026646,I00052824,2025-04-26,wrong_size,10.92,approved
R0001912,O0026652,I00052834,2024-11-23,damaged,106.42,approved
R0001913,O0026671,I00052866,2024-12-04,not_as_expected,11.32,approved
R0001914,O0026672,I00052867,2025-08-28,late_delivery,591.12,rejected
R0001915,O0026704,I00052938,2024-10-06,not_as_expected,525.61,approved
R0001916,O0026709,I00052952,2025-04-29,late_delivery,113.1,approved
R0001917,O0026714,I00052963,2024-06-20,wrong_size,20.38,approved
R0001918,O0026720,I00052977,2025-09-24,not_as_expected,18.01,approved
R0001919,O0026735,I00053007,2024-01-09,not_as_expected,64.76,approved
R0001920,O0026740,I00053015,2026-01-26,changed_mind,47.9,approved
R0001921,O0026754,I00053041,2025-10-31,wrong_size,13.32,approved
R0001922,O0026760,I00053053,2025-01-24,not_as_expected,97.18,approved
R0001923,O0026766,I00053064,2024-06-15,changed_mind,102.99,approved
R0001924,O0026776,I00053092,2024-11-17,damaged,64.61,approved
R0001925,O0026784,I00053112,2023-02-02,damaged,240.63,approved
R0001926,O0026814,I00053179,2024-03-07,not_as_expected,12.98,approved
R0001927,O0026829,I00053206,2023-06-20,changed_mind,71.22,approved
R0001928,O0026873,I00053288,2025-09-08,not_as_expected,56.88,approved
R0001929,O0026881,I00053303,2023-07-22,late_delivery,15.69,approved
R0001930,O0026883,I00053308,2025-09-20,damaged,53.21,approved
R0001931,O0026898,I00053340,2023-07-27,changed_mind,4.89,approved
R0001932,O0026943,I00053429,2025-10-11,not_as_expected,201.32,approved
R0001933,O0026955,I00053452,2024-04-09,damaged,61.71,approved
R0001934,O0026971,I00053490,2024-01-06,wrong_size,40.24,approved
R0001935,O0026982,I00053513,2023-09-08,not_as_expected,23.88,approved
R0001936,O0027020,I00053577,2023-02-07,damaged,68.85,approved
R0001937,O0027041,I00053629,2024-08-03,not_as_expected,50.28,approved
R0001938,O0027044,I00053633,2024-12-08,late_delivery,45.12,approved
R0001939,O0027048,I00053641,2023-08-26,changed_mind,65.52,approved
R0001940,O0027056,I00053654,2025-01-23,changed_mind,40.27,approved
R0001941,O0027068,I00053671,2023-11-21,late_delivery,79.39,approved
R0001942,O0027072,I00053678,2025-01-07,damaged,253,approved
R0001943,O0027080,I00053698,2024-03-19,wrong_size,62.74,approved
R0001944,O0027088,I00053715,2023-12-23,not_as_expected,8.28,approved
R0001945,O0027118,I00053779,2023-11-29,not_as_expected,50.42,approved
R0001946,O0027122,I00053784,2024-05-13,late_delivery,227.6,approved
R0001947,O0027125,I00053789,2025-05-16,not_as_expected,13.44,approved
R0001948,O0027130,I00053798,2025-10-16,not_as_expected,12.68,rejected
R0001949,O0027142,I00053817,2023-11-14,not_as_expected,563.32,approved
R0001950,O0027157,I00053852,2025-10-12,not_as_expected,86.97,approved
R0001951,O0027168,I00053872,2023-12-25,changed_mind,132.98,approved
R0001952,O0027174,I00053885,2025-11-27,not_as_expected,86.35,approved
R0001953,O0027178,I00053892,2025-09-14,not_as_expected,5.98,approved
R0001954,O0027192,I00053923,2025-08-10,damaged,77.08,approved
R0001955,O0027221,I00053993,2024-08-12,not_as_expected,7.06,approved
R0001956,O0027225,I00054002,2025-10-10,not_as_expected,17.62,approved
R0001957,O0027234,I00054015,2025-06-07,damaged,62.34,approved
R0001958,O0027236,I00054022,2025-12-19,wrong_size,8.39,approved
R0001959,O0027237,I00054024,2025-10-24,damaged,57.28,approved
R0001960,O0027240,I00054028,2025-12-24,not_as_expected,36.06,approved
R0001961,O0027286,I00054112,2023-07-16,damaged,188.7,approved
R0001962,O0027295,I00054137,2024-11-05,wrong_size,31.27,approved
R0001963,O0027319,I00054197,2023-08-05,late_delivery,76.49,approved
R0001964,O0027336,I00054236,2024-09-26,damaged,50.82,approved
R0001965,O0027347,I00054259,2024-08-11,late_delivery,80.61,approved
R0001966,O0027363,I00054286,2023-12-04,changed_mind,196.11,rejected
R0001967,O0027388,I00054336,2025-02-23,changed_mind,78.01,approved
R0001968,O0027395,I00054351,2025-03-25,late_delivery,1.78,approved
R0001969,O0027401,I00054360,2023-07-27,not_as_expected,646.33,approved
R0001970,O0027419,I00054387,2024-03-19,changed_mind,90.8,approved
R0001971,O0027423,I00054395,2025-10-16,changed_mind,20.75,approved
R0001972,O0027435,I00054419,2024-04-18,not_as_expected,7.91,approved
R0001973,O0027442,I00054435,2024-10-19,not_as_expected,16.2,approved
R0001974,O0027445,I00054439,2025-08-13,not_as_expected,119.38,approved
R0001975,O0027460,I00054469,2024-12-18,late_delivery,89.67,approved
R0001976,O0027484,I00054506,2023-04-12,damaged,47.5,approved
R0001977,O0027485,I00054508,2023-09-30,late_delivery,279.87,approved
R0001978,O0027496,I00054538,2025-09-23,damaged,129.09,approved
R0001979,O0027501,I00054548,2023-06-07,wrong_size,107.55,rejected
R0001980,O0027521,I00054593,2023-02-26,not_as_expected,366.66,approved
R0001981,O0027531,I00054616,2024-05-10,damaged,533.15,approved
R0001982,O0027534,I00054621,2023-09-23,changed_mind,79.3,approved
R0001983,O0027542,I00054634,2024-06-01,changed_mind,33.31,approved
R0001984,O0027547,I00054649,2023-03-09,not_as_expected,27.94,approved
R0001985,O0027569,I00054697,2023-07-28,changed_mind,12.41,approved
R0001986,O0027594,I00054751,2023-07-17,late_delivery,572.85,approved
R0001987,O0027602,I00054762,2023-04-07,late_delivery,81.03,rejected
R0001988,O0027606,I00054767,2023-09-06,damaged,109.68,approved
R0001989,O0027618,I00054801,2024-10-12,changed_mind,87.39,rejected
R0001990,O0027632,I00054828,2023-11-20,damaged,82.55,rejected
R0001991,O0027647,I00054860,2025-06-22,not_as_expected,65.13,approved
R0001992,O0027650,I00054864,2024-02-23,late_delivery,348.1,approved
R0001993,O0027653,I00054872,2023-09-13,wrong_size,78.46,approved
R0001994,O0027656,I00054875,2023-05-13,damaged,27.58,approved
R0001995,O0027685,I00054933,2024-11-29,damaged,62.8,approved
R0001996,O0027696,I00054954,2025-08-14,wrong_size,85.91,approved
R0001997,O0027699,I00054959,2024-03-23,changed_mind,83.06,rejected
R0001998,O0027705,I00054969,2024-09-03,damaged,56.13,approved
R0001999,O0027717,I00054990,2024-11-22,late_delivery,5.37,approved
R0002000,O0027769,I00055080,2024-11-23,changed_mind,34.26,approved
R0002001,O0027777,I00055094,2024-04-13,late_delivery,43.87,approved
R0002002,O0027804,I00055142,2024-03-19,damaged,364.83,approved
R0002003,O0027817,I00055176,2024-08-21,changed_mind,91.95,rejected
R0002004,O0027842,I00055221,2023-09-26,wrong_size,234.22,approved
R0002005,O0027849,I00055234,2023-09-28,not_as_expected,203.87,approved
R0002006,O0027855,I00055245,2023-04-18,damaged,29.57,rejected
R0002007,O0027857,I00055247,2025-12-14,wrong_size,162.38,approved
R0002008,O0027863,I00055260,2024-03-05,damaged,204.84,rejected
R0002009,O0027866,I00055265,2025-02-09,damaged,77.76,approved
R0002010,O0027870,I00055272,2023-05-01,wrong_size,47.52,approved
R0002011,O0027880,I00055291,2023-10-31,wrong_size,72.85,approved
R0002012,O0027920,I00055365,2025-12-12,not_as_expected,55.36,approved
R0002013,O0027925,I00055376,2024-12-13,wrong_size,114.44,approved
R0002014,O0027937,I00055405,2024-07-25,damaged,675.57,approved
R0002015,O0027951,I00055428,2024-02-12,not_as_expected,16.81,approved
R0002016,O0027965,I00055452,2023-10-19,not_as_expected,85.89,approved
R0002017,O0027972,I00055472,2025-06-07,changed_mind,546.21,approved
R0002018,O0027974,I00055478,2023-08-03,late_delivery,10.2,approved
R0002019,O0027994,I00055511,2023-06-15,damaged,832.46,approved
R0002020,O0028000,I00055524,2024-08-23,not_as_expected,67.28,approved
R0002021,O0028006,I00055534,2025-04-03,late_delivery,347.16,approved
R0002022,O0028011,I00055545,2024-08-24,not_as_expected,78.96,approved
R0002023,O0028026,I00055576,2024-11-18,damaged,84.66,rejected
R0002024,O0028056,I00055641,2025-05-02,late_delivery,12.27,approved
R0002025,O0028067,I00055658,2025-03-28,not_as_expected,25.48,approved
R0002026,O0028080,I00055675,2023-11-10,changed_mind,86.71,approved
R0002027,O0028135,I00055778,2025-06-29,late_delivery,242.79,approved
R0002028,O0028175,I00055854,2023-07-25,damaged,88.73,approved
R0002029,O0028184,I00055866,2025-03-31,not_as_expected,85.48,approved
R0002030,O0028194,I00055889,2025-12-18,late_delivery,6.26,approved
R0002031,O0028211,I00055919,2024-03-31,wrong_size,74.67,approved
R0002032,O0028212,I00055920,2023-05-28,late_delivery,33.8,approved
R0002033,O0028241,I00055972,2023-04-26,not_as_expected,74.6,approved
R0002034,O0028247,I00055987,2025-12-13,not_as_expected,108.23,approved
R0002035,O0028260,I00056012,2025-12-12,wrong_size,764.07,approved
R0002036,O0028263,I00056020,2025-06-04,not_as_expected,592.4,approved
R0002037,O0028280,I00056054,2025-05-30,changed_mind,45.81,approved
R0002038,O0028325,I00056152,2025-09-02,wrong_size,41.9,approved
R0002039,O0028329,I00056160,2023-05-14,late_delivery,57.56,approved
R0002040,O0028336,I00056178,2023-03-15,wrong_size,52.59,approved
R0002041,O0028340,I00056184,2023-06-05,late_delivery,56.12,rejected
R0002042,O0028345,I00056190,2024-04-24,not_as_expected,63.82,rejected
R0002043,O0028349,I00056200,2025-02-07,not_as_expected,772.58,approved
R0002044,O0028355,I00056210,2024-02-28,damaged,12.59,approved
R0002045,O0028359,I00056219,2023-07-06,not_as_expected,16.41,approved
R0002046,O0028364,I00056228,2025-07-31,not_as_expected,106.96,approved
R0002047,O0028369,I00056236,2025-12-12,damaged,140.64,approved
R0002048,O0028370,I00056238,2024-07-05,wrong_size,106.64,rejected
R0002049,O0028375,I00056249,2024-04-06,wrong_size,54.34,approved
R0002050,O0028384,I00056264,2023-02-26,not_as_expected,19.41,approved
R0002051,O0028410,I00056325,2025-03-25,not_as_expected,18.89,approved
R0002052,O0028422,I00056345,2025-06-24,damaged,766.94,approved
R0002053,O0028433,I00056373,2023-12-25,changed_mind,14.97,approved
R0002054,O0028470,I00056456,2025-10-23,damaged,222.09,approved
R0002055,O0028473,I00056460,2025-12-22,changed_mind,136.99,approved
R0002056,O0028476,I00056464,2024-04-10,wrong_size,3.9,approved
R0002057,O0028483,I00056475,2023-03-04,changed_mind,104.4,approved
R0002058,O0028488,I00056489,2024-09-10,not_as_expected,44.6,approved
R0002059,O0028499,I00056512,2023-10-17,not_as_expected,63.42,approved
R0002060,O0028505,I00056523,2026-01-12,damaged,7.99,approved
R0002061,O0028507,I00056528,2024-01-25,wrong_size,169.99,approved
R0002062,O0028518,I00056548,2025-06-28,wrong_size,8.27,approved
R0002063,O0028519,I00056553,2025-12-08,not_as_expected,18.83,rejected
R0002064,O0028531,I00056580,2024-08-18,damaged,367.6,approved
R0002065,O0028545,I00056604,2023-03-11,late_delivery,33.51,approved
R0002066,O0028551,I00056614,2023-08-30,late_delivery,36.59,approved
R0002067,O0028566,I00056652,2023-11-08,damaged,647.61,approved
R0002068,O0028670,I00056852,2024-10-25,not_as_expected,98.13,approved
R0002069,O0028676,I00056863,2025-04-27,wrong_size,79.53,approved
R0002070,O0028700,I00056902,2023-11-16,not_as_expected,62.8,approved
R0002071,O0028723,I00056941,2024-09-30,wrong_size,237.51,approved
R0002072,O0028725,I00056944,2023-08-28,wrong_size,12.72,approved
R0002073,O0028730,I00056956,2025-03-19,not_as_expected,9.16,approved
R0002074,O0028763,I00057027,2025-06-13,late_delivery,35.66,approved
R0002075,O0028777,I00057053,2025-05-16,wrong_size,34.26,approved
R0002076,O0028797,I00057093,2025-04-02,changed_mind,8.29,approved
R0002077,O0028816,I00057127,2023-11-22,not_as_expected,97.7,approved
R0002078,O0028820,I00057135,2025-04-11,changed_mind,150.21,approved
R0002079,O0028824,I00057147,2024-08-31,changed_mind,14.81,approved
R0002080,O0028835,I00057168,2024-08-09,late_delivery,4.11,approved
R0002081,O0028862,I00057237,2024-12-12,not_as_expected,76.39,approved
R0002082,O0028886,I00057285,2024-10-03,damaged,255.06,approved
R0002083,O0028894,I00057301,2024-09-08,wrong_size,37.34,approved
R0002084,O0028897,I00057312,2024-07-30,wrong_size,91.24,rejected
R0002085,O0028923,I00057368,2023-05-19,late_delivery,40.96,approved
R0002086,O0028946,I00057414,2025-05-31,wrong_size,119.63,approved
R0002087,O0028947,I00057418,2023-01-26,not_as_expected,223.22,approved
R0002088,O0028948,I00057422,2025-11-15,not_as_expected,85.56,approved
R0002089,O0028979,I00057486,2024-04-05,not_as_expected,734.06,approved
R0002090,O0028984,I00057499,2025-08-03,damaged,24.4,approved
R0002091,O0029005,I00057533,2025-01-23,not_as_expected,8.57,approved
R0002092,O0029058,I00057633,2024-10-11,not_as_expected,233.55,approved
R0002093,O0029066,I00057651,2024-09-27,not_as_expected,139.71,approved
R0002094,O0029099,I00057713,2024-02-08,damaged,106.04,approved
R0002095,O0029122,I00057755,2025-01-16,damaged,134.89,approved
R0002096,O0029130,I00057773,2025-05-28,changed_mind,68.08,approved
R0002097,O0029137,I00057797,2025-04-25,wrong_size,81.09,approved
R0002098,O0029139,I00057800,2025-12-07,wrong_size,231.87,approved
R0002099,O0029146,I00057815,2025-03-09,wrong_size,66.33,rejected
R0002100,O0029148,I00057820,2023-06-15,damaged,131.73,approved
R0002101,O0029155,I00057833,2024-01-15,wrong_size,274.26,approved
R0002102,O0029172,I00057871,2025-04-19,changed_mind,264.38,approved
R0002103,O0029197,I00057914,2025-10-24,changed_mind,326.04,approved
R0002104,O0029198,I00057915,2026-01-01,damaged,92.11,approved
R0002105,O0029210,I00057943,2025-03-08,not_as_expected,418.88,approved
R0002106,O0029217,I00057961,2023-08-01,wrong_size,27.95,approved
R0002107,O0029236,I00057999,2023-09-16,damaged,7.81,rejected
R0002108,O0029245,I00058018,2024-12-31,changed_mind,106.11,approved
R0002109,O0029250,I00058029,2025-04-22,changed_mind,74.96,rejected
R0002110,O0029252,I00058035,2024-04-12,not_as_expected,81.95,approved
R0002111,O0029276,I00058077,2025-10-17,wrong_size,85.31,approved
R0002112,O0029292,I00058107,2025-07-04,not_as_expected,87.36,rejected
R0002113,O0029295,I00058112,2025-03-24,not_as_expected,353.24,rejected
R0002114,O0029296,I00058115,2025-07-24,damaged,206.74,approved
R0002115,O0029307,I00058138,2023-07-18,damaged,133.26,approved
R0002116,O0029317,I00058162,2023-08-28,not_as_expected,570.01,approved
R0002117,O0029321,I00058171,2024-08-20,wrong_size,25.19,approved
R0002118,O0029327,I00058181,2025-07-28,not_as_expected,81.64,approved
R0002119,O0029335,I00058201,2024-12-28,changed_mind,340.92,approved
R0002120,O0029342,I00058213,2023-11-25,not_as_expected,12.9,approved
R0002121,O0029345,I00058221,2023-10-07,wrong_size,12.22,approved
R0002122,O0029351,I00058228,2023-01-13,not_as_expected,1.82,rejected
R0002123,O0029357,I00058240,2023-12-19,changed_mind,210.13,approved
R0002124,O0029370,I00058264,2023-03-26,damaged,40.09,approved
R0002125,O0029383,I00058290,2025-02-15,changed_mind,60.11,approved
R0002126,O0029444,I00058414,2026-01-13,not_as_expected,63.4,approved
R0002127,O0029448,I00058421,2023-04-02,late_delivery,419.51,approved
R0002128,O0029452,I00058429,2025-08-23,changed_mind,8.88,approved
R0002129,O0029481,I00058489,2023-02-07,wrong_size,82.47,rejected
R0002130,O0029503,I00058527,2023-02-10,damaged,22.24,approved
R0002131,O0029504,I00058530,2024-05-22,damaged,3.83,approved
R0002132,O0029509,I00058536,2023-11-27,not_as_expected,8.24,approved
R0002133,O0029522,I00058560,2023-05-17,late_delivery,555,approved
R0002134,O0029525,I00058563,2025-12-01,wrong_size,91.95,approved
R0002135,O0029528,I00058568,2025-10-28,damaged,5.61,approved
R0002136,O0029547,I00058601,2023-02-27,not_as_expected,134.22,approved
R0002137,O0029553,I00058613,2023-06-29,late_delivery,70.97,approved
R0002138,O0029556,I00058617,2025-09-22,wrong_size,119.38,approved
R0002139,O0029561,I00058626,2024-01-28,damaged,83.14,approved
R0002140,O0029563,I00058630,2025-02-16,damaged,10.64,approved
R0002141,O0029565,I00058633,2024-10-25,not_as_expected,40.87,approved
R0002142,O0029569,I00058642,2025-11-20,damaged,99.41,approved
R0002143,O0029590,I00058679,2023-07-17,damaged,5.04,approved
R0002144,O0029610,I00058715,2023-01-30,late_delivery,95.21,approved
R0002145,O0029616,I00058724,2023-10-31,damaged,57.15,approved
R0002146,O0029623,I00058737,2024-03-17,not_as_expected,103.19,approved
R0002147,O0029643,I00058782,2023-08-15,wrong_size,3.43,approved
R0002148,O0029664,I00058822,2023-10-21,damaged,102.29,approved
R0002149,O0029666,I00058824,2023-05-10,wrong_size,129.6,rejected
R0002150,O0029670,I00058832,2025-12-11,changed_mind,5.03,approved
R0002151,O0029709,I00058906,2024-02-04,changed_mind,139.77,approved
R0002152,O0029715,I00058918,2025-06-28,not_as_expected,78.6,approved
R0002153,O0029717,I00058921,2024-10-16,damaged,42.14,rejected
R0002154,O0029742,I00058973,2024-12-03,not_as_expected,66.37,approved
R0002155,O0029787,I00059062,2023-09-09,not_as_expected,705.2,approved
R0002156,O0029805,I00059098,2023-10-22,changed_mind,10.81,approved
R0002157,O0029826,I00059136,2025-10-27,not_as_expected,326.97,approved
R0002158,O0029837,I00059156,2024-04-27,damaged,9.98,approved
R0002159,O0029838,I00059157,2024-04-12,not_as_expected,56.85,approved
R0002160,O0029855,I00059202,2026-01-13,not_as_expected,535.02,approved
R0002161,O0029866,I00059222,2024-11-27,damaged,283.27,approved
R0002162,O0029878,I00059242,2023-10-21,damaged,22.11,approved
R0002163,O0029894,I00059273,2025-09-21,changed_mind,83.45,approved
R0002164,O0029920,I00059345,2025-06-04,changed_mind,39.95,approved
R0002165,O0029933,I00059369,2024-11-05,wrong_size,92.75,approved
R0002166,O0029944,I00059394,2025-08-13,not_as_expected,15.76,approved
R0002167,O0029951,I00059407,2024-02-16,wrong_size,92.7,approved
R0002168,O0029960,I00059431,2025-12-03,wrong_size,9.86,approved
R0002169,O0029967,I00059446,2023-07-29,wrong_size,96.91,approved
R0002170,O0029971,I00059453,2023-04-16,damaged,19.77,approved
R0002171,O0029983,I00059477,2023-08-25,late_delivery,25.27,approved
R0002172,O0030020,I00059556,2024-11-24,not_as_expected,137.97,approved
R0002173,O0030052,I00059623,2023-04-13,not_as_expected,258.08,approved
R0002174,O0030055,I00059630,2025-03-11,changed_mind,53.14,approved
R0002175,O0030074,I00059671,2025-09-18,damaged,265.23,approved
R0002176,O0030082,I00059683,2024-10-15,wrong_size,292.18,approved
R0002177,O0030096,I00059709,2023-02-20,not_as_expected,2.47,approved
R0002178,O0030107,I00059727,2025-01-20,wrong_size,269.26,approved
R0002179,O0030108,I00059731,2023-03-03,damaged,25.71,approved
R0002180,O0030120,I00059753,2024-12-05,wrong_size,64.91,approved
R0002181,O0030121,I00059754,2024-07-23,damaged,80.33,approved
R0002182,O0030122,I00059755,2025-12-12,changed_mind,63.14,approved
R0002183,O0030136,I00059791,2025-11-19,damaged,19.53,approved
R0002184,O0030144,I00059808,2023-07-28,wrong_size,11.87,approved
R0002185,O0030145,I00059809,2023-11-09,not_as_expected,142.42,approved
R0002186,O0030159,I00059837,2025-06-26,damaged,144.78,approved
R0002187,O0030169,I00059857,2025-04-24,not_as_expected,6.57,approved
R0002188,O0030227,I00059974,2023-10-23,late_delivery,91.56,approved
R0002189,O0030234,I00059992,2025-09-22,wrong_size,127.33,approved
R0002190,O0030247,I00060017,2023-09-02,not_as_expected,44.39,approved
R0002191,O0030253,I00060029,2024-06-18,damaged,11.91,approved
R0002192,O0030256,I00060040,2025-10-06,changed_mind,3.82,approved
R0002193,O0030274,I00060075,2024-08-06,not_as_expected,12.03,approved
R0002194,O0030278,I00060079,2023-05-24,wrong_size,275.22,approved
R0002195,O0030280,I00060084,2025-04-17,damaged,175.51,rejected
R0002196,O0030294,I00060104,2025-12-14,wrong_size,29.45,approved
R0002197,O0030309,I00060134,2025-03-16,changed_mind,48.26,approved
R0002198,O0030327,I00060171,2023-12-27,not_as_expected,35.81,approved
R0002199,O0030352,I00060219,2025-01-01,changed_mind,28.91,approved
R0002200,O0030355,I00060226,2024-12-03,late_delivery,80.38,approved
R0002201,O0030365,I00060245,2025-07-19,changed_mind,17.22,approved
R0002202,O0030371,I00060261,2023-10-16,not_as_expected,43.89,approved
R0002203,O0030386,I00060288,2025-06-11,damaged,95.05,approved
R0002204,O0030392,I00060299,2023-06-28,wrong_size,10.88,approved
R0002205,O0030438,I00060385,2024-03-29,damaged,30,approved
R0002206,O0030452,I00060414,2024-08-09,not_as_expected,768.64,approved
R0002207,O0030458,I00060428,2024-02-10,not_as_expected,10.53,approved
R0002208,O0030464,I00060442,2023-12-12,damaged,41.12,approved
R0002209,O0030467,I00060447,2025-05-10,not_as_expected,1.67,approved
R0002210,O0030468,I00060449,2023-08-28,wrong_size,173.24,approved
R0002211,O0030478,I00060468,2024-01-09,damaged,262.04,approved
R0002212,O0030482,I00060472,2024-04-22,not_as_expected,41.96,approved
R0002213,O0030485,I00060476,2023-08-30,wrong_size,26.47,approved
R0002214,O0030516,I00060531,2023-03-24,not_as_expected,18.72,approved
R0002215,O0030517,I00060534,2023-01-22,late_delivery,23.91,approved
R0002216,O0030533,I00060562,2024-08-31,not_as_expected,40.12,approved
R0002217,O0030534,I00060563,2024-01-29,wrong_size,78.17,approved
R0002218,O0030549,I00060598,2024-11-28,damaged,32.5,approved
R0002219,O0030565,I00060626,2024-08-27,changed_mind,52.97,approved
R0002220,O0030566,I00060627,2025-12-13,late_delivery,80.04,approved
R0002221,O0030577,I00060648,2024-10-08,not_as_expected,258.92,rejected
R0002222,O0030585,I00060664,2025-10-04,late_delivery,129.34,approved
R0002223,O0030588,I00060670,2024-02-07,wrong_size,12.69,approved
R0002224,O0030592,I00060677,2025-08-09,wrong_size,12.97,rejected
R0002225,O0030615,I00060721,2023-11-18,changed_mind,7.85,approved
R0002226,O0030651,I00060802,2024-11-25,damaged,24.68,rejected
R0002227,O0030666,I00060830,2023-09-09,not_as_expected,26.71,approved
R0002228,O0030668,I00060835,2023-12-19,changed_mind,213.79,approved
R0002229,O0030671,I00060840,2025-10-30,wrong_size,20.33,approved
R0002230,O0030691,I00060876,2023-10-08,late_delivery,88.1,rejected
R0002231,O0030699,I00060897,2024-12-22,damaged,77.17,approved
R0002232,O0030718,I00060935,2023-05-13,late_delivery,112.88,approved
R0002233,O0030722,I00060944,2025-01-21,changed_mind,65.49,approved
R0002234,O0030725,I00060948,2025-07-13,wrong_size,10.24,rejected
R0002235,O0030728,I00060955,2024-11-21,wrong_size,727.59,approved
R0002236,O0030731,I00060959,2025-05-07,damaged,35.71,approved
R0002237,O0030739,I00060973,2025-05-02,wrong_size,47.83,approved
R0002238,O0030743,I00060979,2024-07-15,changed_mind,19.34,approved
R0002239,O0030753,I00060995,2023-09-14,late_delivery,42.63,approved
R0002240,O0030754,I00060996,2025-10-11,damaged,55.33,approved
R0002241,O0030761,I00061011,2025-12-03,damaged,33.84,rejected
R0002242,O0030772,I00061037,2025-12-14,late_delivery,310.65,approved
R0002243,O0030809,I00061118,2025-04-15,damaged,59.53,approved
R0002244,O0030826,I00061155,2024-02-18,wrong_size,186.17,rejected
R0002245,O0030846,I00061200,2024-06-01,damaged,82.16,approved
R0002246,O0030880,I00061274,2025-01-27,wrong_size,79.29,approved
R0002247,O0030894,I00061299,2025-10-09,wrong_size,134.83,approved
R0002248,O0030897,I00061302,2024-07-19,changed_mind,20.9,approved
R0002249,O0030907,I00061317,2023-12-22,late_delivery,221.36,rejected
R0002250,O0030919,I00061340,2024-11-20,not_as_expected,19.37,approved
R0002251,O0030929,I00061361,2023-10-12,late_delivery,58.39,approved
R0002252,O0030931,I00061363,2025-10-06,wrong_size,156.19,approved
R0002253,O0030932,I00061364,2026-01-12,changed_mind,203.05,rejected
R0002254,O0030950,I00061397,2024-06-13,not_as_expected,295.98,approved
R0002255,O0030963,I00061416,2024-12-10,not_as_expected,52.52,approved
R0002256,O0030985,I00061467,2023-12-30,not_as_expected,30.31,approved
R0002257,O0031007,I00061511,2023-02-07,not_as_expected,58.18,approved
R0002258,O0031011,I00061518,2023-09-22,damaged,27.62,approved
R0002259,O0031012,I00061521,2023-08-08,late_delivery,7.97,rejected
R0002260,O0031021,I00061538,2025-07-01,wrong_size,287.27,approved
R0002261,O0031056,I00061604,2024-08-07,wrong_size,110.88,approved
R0002262,O0031065,I00061616,2023-11-05,late_delivery,178.45,rejected
R0002263,O0031086,I00061656,2025-03-03,late_delivery,141.89,approved
R0002264,O0031100,I00061685,2024-09-05,changed_mind,9.31,rejected
R0002265,O0031110,I00061706,2024-10-08,not_as_expected,57.11,approved
R0002266,O0031115,I00061718,2024-04-13,wrong_size,35.51,approved
R0002267,O0031119,I00061722,2023-04-20,changed_mind,89.1,approved
R0002268,O0031134,I00061754,2025-06-09,wrong_size,259.47,rejected
R0002269,O0031139,I00061765,2024-10-04,wrong_size,50.94,approved
R0002270,O0031140,I00061767,2023-03-16,changed_mind,23.48,approved
R0002271,O0031149,I00061779,2024-01-18,damaged,26.3,approved
R0002272,O0031160,I00061803,2025-06-05,changed_mind,125.55,approved
R0002273,O0031175,I00061832,2023-04-26,damaged,84.53,approved
R0002274,O0031178,I00061837,2024-06-23,damaged,92.56,approved
R0002275,O0031209,I00061888,2025-08-15,changed_mind,272.96,approved
R0002276,O0031221,I00061905,2024-01-04,wrong_size,68.95,rejected
R0002277,O0031227,I00061917,2024-08-16,wrong_size,436.1,approved
R0002278,O0031234,I00061929,2025-01-25,wrong_size,15.94,rejected
R0002279,O0031247,I00061961,2024-02-29,damaged,27.08,approved
R0002280,O0031299,I00062054,2024-10-08,damaged,3.38,approved
R0002281,O0031305,I00062066,2024-09-12,changed_mind,9.41,approved
R0002282,O0031309,I00062071,2023-09-17,wrong_size,147.38,approved
R0002283,O0031328,I00062108,2024-09-01,not_as_expected,169.4,approved
R0002284,O0031334,I00062118,2024-08-28,wrong_size,195.17,approved
R0002285,O0031348,I00062144,2025-03-25,not_as_expected,51.63,approved
R0002286,O0031367,I00062181,2025-02-13,wrong_size,94.15,approved
R0002287,O0031413,I00062261,2025-07-27,wrong_size,46,approved
R0002288,O0031415,I00062264,2023-09-28,not_as_expected,65.84,approved
R0002289,O0031417,I00062267,2023-11-24,damaged,8.61,approved
R0002290,O0031423,I00062283,2025-05-12,wrong_size,86.04,rejected
R0002291,O0031430,I00062296,2025-12-20,changed_mind,6.62,approved
R0002292,O0031441,I00062320,2025-04-21,late_delivery,4.91,approved
R0002293,O0031456,I00062354,2024-10-31,changed_mind,148.76,approved
R0002294,O0031462,I00062362,2023-11-24,not_as_expected,36.43,rejected
R0002295,O0031465,I00062367,2024-03-01,damaged,88.53,approved
R0002296,O0031499,I00062435,2024-12-12,damaged,101.35,approved
R0002297,O0031500,I00062439,2023-03-30,changed_mind,99.25,rejected
R0002298,O0031501,I00062441,2025-03-27,wrong_size,98.17,approved
R0002299,O0031512,I00062466,2024-08-30,changed_mind,310.38,rejected
R0002300,O0031518,I00062477,2025-10-27,damaged,26.61,approved
R0002301,O0031523,I00062487,2025-03-13,not_as_expected,102.45,approved
R0002302,O0031526,I00062495,2025-09-05,not_as_expected,11.82,approved
R0002303,O0031551,I00062553,2023-04-15,damaged,7.41,approved
R0002304,O0031555,I00062563,2023-10-30,wrong_size,50.46,approved
R0002305,O0031556,I00062564,2025-06-22,wrong_size,52.76,approved
R0002306,O0031574,I00062596,2023-01-26,changed_mind,12.4,approved
R0002307,O0031590,I00062627,2023-08-07,late_delivery,9.19,approved
R0002308,O0031594,I00062634,2023-12-28,damaged,67.48,approved
R0002309,O0031599,I00062642,2025-04-12,wrong_size,192.08,approved
R0002310,O0031610,I00062659,2025-03-25,damaged,165.08,approved
R0002311,O0031650,I00062742,2024-01-25,damaged,182.41,approved
R0002312,O0031656,I00062757,2023-09-13,damaged,4.85,approved
R0002313,O0031686,I00062828,2025-10-16,changed_mind,11.19,approved
R0002314,O0031697,I00062858,2025-03-26,damaged,16.64,approved
R0002315,O0031748,I00062945,2024-06-28,late_delivery,61.94,rejected
R0002316,O0031764,I00062979,2025-09-13,not_as_expected,12.42,approved
R0002317,O0031769,I00062990,2023-09-06,wrong_size,59.25,approved
R0002318,O0031787,I00063024,2023-10-31,changed_mind,14.07,approved
R0002319,O0031791,I00063034,2025-10-08,wrong_size,9.48,approved
R0002320,O0031804,I00063067,2023-04-15,wrong_size,750.64,approved
R0002321,O0031809,I00063078,2024-03-11,wrong_size,34.76,approved
R0002322,O0031812,I00063085,2023-01-28,changed_mind,28.27,approved
R0002323,O0031845,I00063149,2026-01-23,not_as_expected,574.74,approved
R0002324,O0031846,I00063150,2023-11-10,damaged,59.37,approved
R0002325,O0031850,I00063160,2025-09-02,not_as_expected,73.71,approved
R0002326,O0031861,I00063183,2023-02-06,not_as_expected,49.56,approved
R0002327,O0031865,I00063191,2025-10-12,late_delivery,37.28,approved
R0002328,O0031869,I00063199,2025-06-13,damaged,31.67,rejected
R0002329,O0031880,I00063216,2024-05-14,late_delivery,185.83,approved
R0002330,O0031900,I00063245,2023-12-11,not_as_expected,666.57,approved
R0002331,O0031916,I00063273,2024-04-26,wrong_size,689.37,approved
R0002332,O0031924,I00063289,2024-10-23,damaged,168.4,approved
R0002333,O0031928,I00063295,2024-04-04,changed_mind,58.38,rejected
R0002334,O0031934,I00063303,2023-02-02,changed_mind,42.85,approved
R0002335,O0031940,I00063315,2023-12-17,changed_mind,36.37,approved
R0002336,O0031947,I00063326,2023-10-18,wrong_size,19.63,approved
R0002337,O0031972,I00063372,2023-09-07,changed_mind,55.11,approved
R0002338,O0031983,I00063392,2025-12-12,late_delivery,25.84,rejected
R0002339,O0032007,I00063434,2024-06-15,wrong_size,169.93,approved
R0002340,O0032016,I00063451,2023-07-25,damaged,80.8,approved
R0002341,O0032047,I00063514,2025-10-20,changed_mind,94.79,approved
R0002342,O0032079,I00063576,2025-12-24,late_delivery,85.48,approved
R0002343,O0032094,I00063604,2023-06-07,damaged,147.21,rejected
R0002344,O0032096,I00063612,2025-01-09,damaged,543.16,approved
R0002345,O0032099,I00063615,2024-03-22,not_as_expected,181.68,approved
R0002346,O0032112,I00063642,2024-04-21,damaged,37.53,approved
R0002347,O0032117,I00063649,2025-11-22,wrong_size,82.67,approved
R0002348,O0032118,I00063653,2025-08-21,not_as_expected,26.2,approved
R0002349,O0032134,I00063693,2023-12-28,not_as_expected,85.62,approved
R0002350,O0032147,I00063717,2023-07-29,not_as_expected,19.16,approved
R0002351,O0032153,I00063726,2024-01-27,not_as_expected,741.79,approved
R0002352,O0032154,I00063727,2024-07-11,changed_mind,119.4,approved
R0002353,O0032158,I00063731,2025-12-27,damaged,3.45,approved
R0002354,O0032186,I00063792,2024-01-03,not_as_expected,27.19,approved
R0002355,O0032195,I00063805,2025-12-04,not_as_expected,32.61,approved
R0002356,O0032197,I00063807,2023-08-27,changed_mind,27.17,approved
R0002357,O0032209,I00063830,2026-01-02,late_delivery,92.56,approved
R0002358,O0032220,I00063849,2024-02-16,damaged,166.69,approved
R0002359,O0032230,I00063872,2026-01-05,damaged,29.79,rejected
R0002360,O0032265,I00063945,2024-09-07,wrong_size,47.77,approved
R0002361,O0032277,I00063970,2023-04-25,changed_mind,141.32,approved
R0002362,O0032291,I00064001,2025-06-14,not_as_expected,114.96,approved
R0002363,O0032293,I00064004,2024-02-17,wrong_size,59.15,approved
R0002364,O0032321,I00064058,2024-06-14,changed_mind,56.25,approved
R0002365,O0032330,I00064076,2024-03-28,damaged,38.92,approved
R0002366,O0032356,I00064130,2025-10-25,damaged,77.37,approved
R0002367,O0032359,I00064135,2023-09-16,wrong_size,22.3,approved
R0002368,O0032422,I00064245,2023-05-27,late_delivery,106.63,approved
R0002369,O0032437,I00064274,2023-09-24,not_as_expected,76.95,rejected
R0002370,O0032463,I00064330,2023-03-11,damaged,37.77,approved
R0002371,O0032481,I00064366,2025-01-14,not_as_expected,35.93,approved
R0002372,O0032500,I00064401,2025-09-07,damaged,163.08,approved
R0002373,O0032502,I00064405,2023-07-05,not_as_expected,132.37,approved
R0002374,O0032522,I00064444,2025-05-31,not_as_expected,20.38,approved
R0002375,O0032525,I00064452,2025-08-26,changed_mind,86.34,approved
R0002376,O0032526,I00064453,2025-04-30,damaged,42.78,approved
R0002377,O0032532,I00064469,2025-12-15,damaged,12.7,approved
R0002378,O0032544,I00064486,2023-12-29,changed_mind,140.05,approved
R0002379,O0032551,I00064503,2023-06-29,not_as_expected,28.12,approved
R0002380,O0032618,I00064629,2023-09-15,damaged,60.18,approved
R0002381,O0032648,I00064690,2024-04-01,late_delivery,5.06,approved
R0002382,O0032660,I00064717,2024-02-24,not_as_expected,52.72,approved
R0002383,O0032704,I00064809,2025-07-09,damaged,40,approved
R0002384,O0032708,I00064815,2024-06-04,not_as_expected,11.09,approved
R0002385,O0032713,I00064823,2023-09-23,late_delivery,54.76,approved
R0002386,O0032720,I00064840,2025-08-24,wrong_size,190.73,approved
R0002387,O0032728,I00064860,2023-03-26,not_as_expected,19.8,approved
R0002388,O0032734,I00064875,2025-07-09,changed_mind,65.16,approved
R0002389,O0032748,I00064900,2025-04-24,wrong_size,7.93,approved
R0002390,O0032777,I00064961,2025-04-07,damaged,43.07,approved
R0002391,O0032790,I00064992,2025-09-18,late_delivery,12.86,approved
R0002392,O0032805,I00065021,2024-07-16,wrong_size,61.83,approved
R0002393,O0032841,I00065090,2025-10-01,changed_mind,32.08,approved
R0002394,O0032901,I00065215,2024-10-27,not_as_expected,53.48,approved
R0002395,O0032903,I00065222,2025-10-20,not_as_expected,36.11,approved
R0002396,O0032905,I00065225,2024-03-06,damaged,28.44,approved
R0002397,O0032926,I00065262,2024-12-02,damaged,89.87,approved
R0002398,O0032936,I00065282,2024-11-02,wrong_size,74.45,approved
R0002399,O0032956,I00065312,2025-04-02,not_as_expected,11.82,approved
R0002400,O0033006,I00065419,2025-05-22,not_as_expected,27.26,rejected
R0002401,O0033012,I00065428,2025-07-29,changed_mind,10.32,approved
R0002402,O0033048,I00065495,2023-11-07,wrong_size,18.65,approved
R0002403,O0033049,I00065498,2024-03-18,changed_mind,76.12,approved
R0002404,O0033072,I00065544,2023-04-12,wrong_size,31.79,approved
R0002405,O0033124,I00065647,2023-04-16,damaged,36.96,approved
R0002406,O0033145,I00065691,2024-08-04,wrong_size,97.09,approved
R0002407,O0033166,I00065732,2025-04-16,not_as_expected,9.4,approved
R0002408,O0033186,I00065769,2024-12-23,not_as_expected,4.8,approved
R0002409,O0033219,I00065836,2025-12-11,wrong_size,7.93,approved
R0002410,O0033234,I00065874,2023-12-29,damaged,116.98,approved
R0002411,O0033237,I00065880,2024-08-20,late_delivery,55.89,approved
R0002412,O0033247,I00065899,2024-04-10,wrong_size,139.07,approved
R0002413,O0033263,I00065933,2024-12-06,changed_mind,91.99,approved
R0002414,O0033298,I00066003,2023-06-02,not_as_expected,277.1,approved
R0002415,O0033312,I00066028,2024-08-28,wrong_size,191.16,approved
R0002416,O0033314,I00066032,2025-08-11,damaged,125.42,approved
R0002417,O0033321,I00066056,2024-12-14,damaged,19.78,approved
R0002418,O0033328,I00066072,2025-12-08,wrong_size,73.3,approved
R0002419,O0033359,I00066131,2025-12-14,damaged,350.64,approved
R0002420,O0033363,I00066141,2025-07-07,not_as_expected,34.85,approved
R0002421,O0033379,I00066178,2025-06-07,not_as_expected,18.79,approved
R0002422,O0033399,I00066211,2023-06-16,wrong_size,230.48,approved
R0002423,O0033403,I00066221,2025-03-18,damaged,98.83,approved
R0002424,O0033407,I00066232,2025-08-21,not_as_expected,5.8,rejected
R0002425,O0033420,I00066257,2025-06-02,damaged,25.99,approved
R0002426,O0033465,I00066335,2023-09-25,changed_mind,9.72,approved
R0002427,O0033541,I00066496,2023-08-23,changed_mind,128.1,approved
R0002428,O0033557,I00066527,2023-08-29,changed_mind,6.12,approved
R0002429,O0033560,I00066532,2025-01-18,not_as_expected,422.47,approved
R0002430,O0033566,I00066545,2024-07-18,not_as_expected,168.44,approved
R0002431,O0033585,I00066587,2024-02-24,not_as_expected,5.61,rejected
R0002432,O0033594,I00066599,2025-11-02,changed_mind,122.48,approved
R0002433,O0033595,I00066600,2025-11-15,damaged,89.65,rejected
R0002434,O0033598,I00066603,2025-09-19,wrong_size,5.62,rejected
R0002435,O0033606,I00066618,2024-09-29,changed_mind,18.79,approved
R0002436,O0033616,I00066637,2024-01-23,not_as_expected,40.91,approved
R0002437,O0033624,I00066654,2023-03-20,not_as_expected,680.27,approved
R0002438,O0033627,I00066663,2025-03-23,wrong_size,83.28,approved
R0002439,O0033658,I00066725,2023-12-18,damaged,231.52,approved
R0002440,O0033680,I00066771,2025-03-20,wrong_size,16.45,approved
R0002441,O0033688,I00066785,2024-05-31,damaged,69.73,rejected
R0002442,O0033689,I00066786,2024-09-03,not_as_expected,42.52,approved
R0002443,O0033693,I00066792,2023-06-03,wrong_size,24.8,approved
R0002444,O0033699,I00066803,2024-02-13,not_as_expected,9.32,approved
R0002445,O0033713,I00066828,2023-08-12,not_as_expected,46.37,approved
R0002446,O0033717,I00066836,2025-03-18,changed_mind,704.12,approved
R0002447,O0033729,I00066860,2023-04-17,not_as_expected,44.94,approved
R0002448,O0033754,I00066916,2023-09-29,wrong_size,196.19,approved
R0002449,O0033758,I00066922,2023-01-24,damaged,4.84,approved
R0002450,O0033789,I00066984,2023-09-27,changed_mind,95.97,approved
R0002451,O0033790,I00066985,2023-11-30,late_delivery,9.7,approved
R0002452,O0033817,I00067047,2023-08-15,damaged,92.22,approved
R0002453,O0033834,I00067078,2024-08-01,late_delivery,28.49,approved
R0002454,O0033855,I00067117,2024-01-12,changed_mind,41.73,approved
R0002455,O0033872,I00067147,2025-08-20,not_as_expected,9.45,approved
R0002456,O0033880,I00067163,2024-11-14,late_delivery,36.02,approved
R0002457,O0033902,I00067206,2025-08-14,damaged,7.69,approved
R0002458,O0033905,I00067210,2023-05-02,wrong_size,361.32,approved
R0002459,O0033917,I00067227,2025-12-11,damaged,21.18,approved
R0002460,O0033919,I00067234,2025-12-20,damaged,45.92,approved
R0002461,O0033924,I00067245,2024-07-24,wrong_size,11.5,approved
R0002462,O0033942,I00067286,2024-05-29,not_as_expected,65.11,approved
R0002463,O0033952,I00067315,2023-06-10,damaged,19.38,approved
R0002464,O0033984,I00067372,2023-06-24,late_delivery,52.65,approved
R0002465,O0033985,I00067373,2023-04-21,not_as_expected,259.08,approved
R0002466,O0033997,I00067404,2025-11-15,wrong_size,151.92,approved
R0002467,O0034003,I00067415,2024-03-21,changed_mind,42.04,approved
R0002468,O0034005,I00067419,2023-03-28,wrong_size,9.77,approved
R0002469,O0034011,I00067428,2024-11-20,changed_mind,67.92,approved
R0002470,O0034084,I00067564,2023-05-21,not_as_expected,27.64,approved
R0002471,O0034090,I00067574,2023-05-21,not_as_expected,45.61,approved
R0002472,O0034098,I00067590,2025-10-26,wrong_size,150.99,approved
R0002473,O0034106,I00067610,2024-12-18,not_as_expected,11.88,approved
R0002474,O0034116,I00067629,2025-11-11,changed_mind,122.5,approved
R0002475,O0034118,I00067637,2025-10-20,late_delivery,42.14,approved
R0002476,O0034121,I00067643,2024-05-17,changed_mind,64.68,approved
R0002477,O0034135,I00067668,2023-04-20,not_as_expected,98.63,approved
R0002478,O0034138,I00067673,2025-12-21,changed_mind,8.53,approved
R0002479,O0034147,I00067688,2023-08-26,wrong_size,41.16,approved
R0002480,O0034150,I00067692,2023-12-29,damaged,20.6,approved
R0002481,O0034163,I00067722,2025-03-12,wrong_size,564.81,approved
R0002482,O0034166,I00067729,2024-02-04,changed_mind,49.73,approved
R0002483,O0034168,I00067731,2025-04-21,late_delivery,18.9,approved
R0002484,O0034222,I00067826,2025-09-01,not_as_expected,587.45,rejected
R0002485,O0034247,I00067871,2025-10-19,wrong_size,38.1,approved
R0002486,O0034254,I00067884,2023-11-22,not_as_expected,29.69,approved
R0002487,O0034263,I00067900,2024-02-07,not_as_expected,108.87,rejected
R0002488,O0034269,I00067913,2025-09-06,wrong_size,101.02,approved
R0002489,O0034274,I00067923,2023-11-29,damaged,14.82,approved
R0002490,O0034276,I00067928,2023-08-22,wrong_size,22,approved
R0002491,O0034286,I00067948,2024-01-28,late_delivery,13.01,rejected
R0002492,O0034317,I00068007,2023-07-18,wrong_size,566.47,approved
R0002493,O0034338,I00068044,2025-03-29,not_as_expected,681.49,approved
R0002494,O0034345,I00068057,2024-05-08,damaged,8.07,approved
R0002495,O0034361,I00068084,2025-12-11,wrong_size,17.33,approved
R0002496,O0034362,I00068088,2024-06-11,damaged,36.13,approved
R0002497,O0034368,I00068101,2025-10-31,not_as_expected,176.82,rejected
R0002498,O0034387,I00068141,2023-02-03,damaged,12.84,rejected
R0002499,O0034405,I00068175,2024-06-01,changed_mind,62.6,approved
R0002500,O0034419,I00068200,2023-12-23,late_delivery,27.18,approved
R0002501,O0034426,I00068214,2025-02-28,changed_mind,2160.52,approved
R0002502,O0034429,I00068218,2024-04-14,not_as_expected,55.22,approved
R0002503,O0034433,I00068224,2023-02-13,damaged,91.14,approved
R0002504,O0034500,I00068356,2025-12-22,wrong_size,709.48,approved
R0002505,O0034503,I00068362,2025-07-12,not_as_expected,98.46,approved
R0002506,O0034504,I00068363,2024-07-24,not_as_expected,73.85,approved
R0002507,O0034527,I00068408,2025-03-27,late_delivery,751.18,approved
R0002508,O0034546,I00068442,2023-12-18,wrong_size,27.36,approved
R0002509,O0034568,I00068497,2025-12-30,not_as_expected,239.84,rejected
R0002510,O0034601,I00068576,2025-06-19,damaged,9.21,approved
R0002511,O0034629,I00068636,2024-02-06,damaged,82.08,approved
R0002512,O0034690,I00068744,2025-11-14,changed_mind,11.85,approved
R0002513,O0034699,I00068756,2023-07-28,changed_mind,71.15,approved
R0002514,O0034709,I00068778,2024-09-22,changed_mind,60.28,rejected
R0002515,O0034723,I00068807,2025-04-29,damaged,40.58,approved
R0002516,O0034739,I00068836,2025-09-27,not_as_expected,44.5,approved
R0002517,O0034743,I00068844,2024-08-31,late_delivery,6.58,approved
R0002518,O0034757,I00068866,2025-10-08,damaged,57.55,approved
R0002519,O0034766,I00068887,2025-04-11,not_as_expected,228.92,approved
R0002520,O0034776,I00068906,2024-05-11,late_delivery,11.87,approved
R0002521,O0034789,I00068935,2024-05-16,not_as_expected,58.1,approved
R0002522,O0034798,I00068950,2023-10-05,late_delivery,21.42,approved
R0002523,O0034813,I00068983,2024-08-15,not_as_expected,86.65,approved
R0002524,O0034827,I00069011,2025-11-20,wrong_size,35.9,rejected
R0002525,O0034840,I00069030,2023-08-11,not_as_expected,245.71,approved
R0002526,O0034888,I00069142,2025-06-19,damaged,130.41,approved
R0002527,O0034899,I00069164,2023-12-25,damaged,79.19,approved
R0002528,O0034909,I00069184,2024-07-11,changed_mind,82.17,approved
R0002529,O0034913,I00069191,2023-03-01,wrong_size,109.57,approved
R0002530,O0034929,I00069218,2025-11-25,damaged,53.39,approved
R0002531,O0034947,I00069249,2024-11-30,damaged,120.75,approved
R0002532,O0034948,I00069252,2025-07-31,not_as_expected,9.18,approved
R0002533,O0034962,I00069278,2024-08-25,damaged,24.28,approved
R0002534,O0034986,I00069331,2023-04-22,late_delivery,121.04,approved
R0002535,O0034996,I00069347,2024-02-17,changed_mind,69.92,approved
R0002536,O0035006,I00069375,2025-08-09,not_as_expected,129.98,approved
R0002537,O0035013,I00069388,2024-08-21,not_as_expected,58.3,approved
R0002538,O0035016,I00069395,2025-01-19,not_as_expected,35.83,approved
R0002539,O0035026,I00069410,2024-02-23,not_as_expected,667.69,approved
R0002540,O0035030,I00069416,2025-12-24,wrong_size,44.73,approved
R0002541,O0035041,I00069438,2025-06-21,late_delivery,98.67,approved
R0002542,O0035048,I00069456,2023-12-02,wrong_size,2.51,approved
R0002543,O0035080,I00069524,2025-01-10,not_as_expected,28.69,approved
R0002544,O0035088,I00069539,2024-04-01,wrong_size,12.3,rejected
R0002545,O0035119,I00069598,2025-02-14,changed_mind,41.85,rejected
R0002546,O0035125,I00069612,2024-09-16,late_delivery,79.94,approved
R0002547,O0035132,I00069629,2025-07-02,not_as_expected,41.77,approved
R0002548,O0035152,I00069669,2024-06-25,changed_mind,84.94,approved
R0002549,O0035155,I00069677,2023-04-15,wrong_size,373.82,approved
R0002550,O0035159,I00069686,2023-08-27,not_as_expected,37.58,approved
R0002551,O0035163,I00069690,2025-05-24,not_as_expected,83.22,approved
R0002552,O0035178,I00069716,2024-11-13,not_as_expected,693.14,approved
R0002553,O0035191,I00069744,2024-04-11,wrong_size,101.46,approved
R0002554,O0035207,I00069775,2025-04-19,not_as_expected,10.92,approved
R0002555,O0035210,I00069787,2024-11-24,changed_mind,1466.51,approved
R0002556,O0035220,I00069807,2025-10-29,not_as_expected,43.22,approved
R0002557,O0035226,I00069817,2025-01-13,wrong_size,78.88,approved
R0002558,O0035228,I00069819,2023-04-11,not_as_expected,766.57,approved
R0002559,O0035237,I00069835,2024-01-02,changed_mind,110.76,approved
R0002560,O0035242,I00069845,2024-08-11,changed_mind,25.32,approved
R0002561,O0035272,I00069911,2024-12-18,damaged,119.01,approved
R0002562,O0035287,I00069939,2025-01-09,damaged,62.03,approved
R0002563,O0035291,I00069945,2023-03-11,changed_mind,28.62,approved
R0002564,O0035293,I00069949,2026-01-17,damaged,464.3,approved
R0002565,O0035294,I00069950,2024-01-08,not_as_expected,25.15,rejected
R0002566,O0035314,I00069983,2025-09-22,not_as_expected,67.36,approved
R0002567,O0035320,I00069994,2024-12-13,changed_mind,77.42,approved
R0002568,O0035351,I00070063,2024-06-12,changed_mind,8.24,approved
R0002569,O0035379,I00070120,2025-03-12,late_delivery,103.35,approved
R0002570,O0035381,I00070123,2025-02-13,changed_mind,60,approved
R0002571,O0035384,I00070126,2024-11-17,damaged,70.77,approved
R0002572,O0035388,I00070138,2024-07-12,damaged,129.76,approved
R0002573,O0035389,I00070140,2023-09-11,wrong_size,33.51,approved
R0002574,O0035392,I00070147,2025-06-11,not_as_expected,130.76,approved
R0002575,O0035411,I00070198,2026-01-12,changed_mind,17.82,approved
R0002576,O0035419,I00070210,2023-03-06,not_as_expected,53.58,approved
R0002577,O0035442,I00070264,2024-05-08,damaged,95.64,approved
R0002578,O0035462,I00070308,2023-08-06,wrong_size,45.33,approved
R0002579,O0035471,I00070324,2025-10-17,damaged,95.55,approved
R0002580,O0035479,I00070337,2024-10-29,wrong_size,33.44,approved
R0002581,O0035480,I00070338,2025-08-25,not_as_expected,24.21,approved
R0002582,O0035482,I00070341,2025-01-13,damaged,74.89,approved
R0002583,O0035483,I00070342,2023-04-13,damaged,84.79,approved
R0002584,O0035487,I00070348,2024-01-14,late_delivery,402.25,approved
R0002585,O0035526,I00070440,2023-08-28,wrong_size,380.2,approved
R0002586,O0035551,I00070492,2024-10-20,late_delivery,17.28,rejected
R0002587,O0035560,I00070509,2024-06-29,wrong_size,43.71,approved
R0002588,O0035570,I00070533,2024-12-09,not_as_expected,32.09,approved
R0002589,O0035572,I00070539,2023-11-16,not_as_expected,48.87,approved
R0002590,O0035586,I00070569,2025-11-20,changed_mind,18.7,approved
R0002591,O0035602,I00070599,2023-08-25,changed_mind,381.83,approved
R0002592,O0035610,I00070614,2024-09-28,wrong_size,91.84,approved
R0002593,O0035642,I00070686,2024-05-14,damaged,185.16,approved
R0002594,O0035670,I00070746,2023-09-01,late_delivery,13.08,approved
R0002595,O0035683,I00070767,2025-08-28,not_as_expected,8.69,approved
R0002596,O0035684,I00070768,2023-09-14,not_as_expected,253.87,approved
R0002597,O0035710,I00070822,2025-02-02,not_as_expected,26.54,approved
R0002598,O0035715,I00070832,2023-11-04,not_as_expected,31.84,approved
R0002599,O0035722,I00070845,2025-09-25,not_as_expected,181.42,approved
R0002600,O0035755,I00070909,2025-11-18,not_as_expected,38.22,approved
R0002601,O0035779,I00070958,2024-10-07,wrong_size,9.52,approved
R0002602,O0035785,I00070972,2023-03-20,late_delivery,16.13,approved
R0002603,O0035791,I00070983,2023-02-27,late_delivery,19.76,approved
R0002604,O0035817,I00071032,2024-12-27,wrong_size,239.96,approved
R0002605,O0035827,I00071050,2025-12-09,not_as_expected,766.9,approved
R0002606,O0035828,I00071051,2024-03-19,wrong_size,24.03,approved
R0002607,O0035831,I00071055,2023-07-30,damaged,123.29,approved
R0002608,O0035845,I00071080,2024-02-29,changed_mind,643.4,rejected
R0002609,O0035847,I00071084,2024-04-06,changed_mind,47.1,approved
R0002610,O0035856,I00071105,2025-05-01,wrong_size,19.4,approved
R0002611,O0035858,I00071112,2025-08-21,not_as_expected,4.66,approved
R0002612,O0035872,I00071134,2025-09-01,late_delivery,134.29,approved
R0002613,O0035874,I00071137,2025-12-12,changed_mind,12.82,approved
R0002614,O0035876,I00071140,2024-10-18,damaged,15.77,approved
R0002615,O0035903,I00071194,2023-04-25,not_as_expected,184.43,approved
R0002616,O0035915,I00071222,2023-01-30,late_delivery,170.65,approved
R0002617,O0035916,I00071223,2026-01-05,damaged,83.75,approved
R0002618,O0035956,I00071293,2023-09-04,not_as_expected,38.51,approved
R0002619,O0035957,I00071294,2025-04-24,not_as_expected,5.19,approved
R0002620,O0035970,I00071314,2025-12-15,late_delivery,55.78,approved
R0002621,O0035977,I00071330,2025-12-14,not_as_expected,8.85,rejected
R0002622,O0035978,I00071332,2024-06-22,wrong_size,973.55,approved
R0002623,O0035999,I00071380,2024-03-24,changed_mind,17.24,rejected
R0002624,O0036035,I00071441,2024-12-24,not_as_expected,51.59,approved
R0002625,O0036041,I00071456,2025-06-05,wrong_size,277.76,approved
R0002626,O0036065,I00071501,2023-01-24,changed_mind,12.74,approved
R0002627,O0036107,I00071586,2024-07-11,changed_mind,133.4,approved
R0002628,O0036113,I00071603,2024-10-25,late_delivery,50.44,approved
R0002629,O0036121,I00071614,2025-01-12,late_delivery,37.08,approved
R0002630,O0036145,I00071676,2025-06-27,wrong_size,362.32,approved
R0002631,O0036147,I00071682,2025-12-06,changed_mind,170.96,approved
R0002632,O0036151,I00071687,2025-10-19,wrong_size,343.33,rejected
R0002633,O0036158,I00071702,2024-01-23,not_as_expected,4.18,approved
R0002634,O0036165,I00071715,2023-04-22,wrong_size,59.17,approved
R0002635,O0036168,I00071720,2023-03-08,damaged,72.13,approved
R0002636,O0036169,I00071721,2024-03-26,wrong_size,307.4,approved
R0002637,O0036178,I00071736,2023-12-06,not_as_expected,141.32,approved
R0002638,O0036188,I00071752,2024-10-06,wrong_size,48.49,approved
R0002639,O0036196,I00071766,2025-03-07,late_delivery,169.04,approved
R0002640,O0036204,I00071780,2025-04-09,not_as_expected,47.7,approved
R0002641,O0036229,I00071826,2024-09-17,wrong_size,48.31,approved
R0002642,O0036231,I00071828,2023-11-24,late_delivery,155.27,approved
R0002643,O0036233,I00071836,2024-05-24,wrong_size,14.49,approved
R0002644,O0036245,I00071863,2025-08-22,damaged,125.43,approved
R0002645,O0036272,I00071916,2025-01-09,changed_mind,51.31,approved
R0002646,O0036281,I00071936,2025-09-07,not_as_expected,74.88,approved
R0002647,O0036295,I00071961,2024-11-21,wrong_size,274.21,approved
R0002648,O0036324,I00072015,2024-10-03,not_as_expected,93.99,approved
R0002649,O0036338,I00072046,2025-10-09,changed_mind,39.48,approved
R0002650,O0036365,I00072096,2025-04-19,wrong_size,121.64,approved
R0002651,O0036386,I00072128,2025-08-17,wrong_size,10.22,approved
R0002652,O0036387,I00072130,2024-11-11,changed_mind,88.26,approved
R0002653,O0036420,I00072183,2025-08-13,damaged,82.83,approved
R0002654,O0036433,I00072209,2024-06-05,wrong_size,105.34,approved
R0002655,O0036451,I00072245,2025-10-08,late_delivery,56.28,approved
R0002656,O0036460,I00072263,2025-07-28,wrong_size,209.64,approved
R0002657,O0036483,I00072310,2023-08-05,not_as_expected,28.05,approved
R0002658,O0036506,I00072345,2025-06-02,not_as_expected,1.65,approved
R0002659,O0036546,I00072432,2024-09-16,not_as_expected,34.66,approved
R0002660,O0036547,I00072436,2024-02-21,wrong_size,20.24,approved
R0002661,O0036567,I00072471,2026-01-01,not_as_expected,15.67,approved
R0002662,O0036571,I00072481,2023-08-21,damaged,3.55,approved
R0002663,O0036681,I00072705,2023-12-16,wrong_size,7.61,approved
R0002664,O0036693,I00072727,2024-01-08,damaged,38.35,approved
R0002665,O0036695,I00072729,2025-01-04,not_as_expected,127.09,approved
R0002666,O0036698,I00072734,2024-11-27,late_delivery,22.35,approved
R0002667,O0036703,I00072740,2023-12-15,changed_mind,668.63,approved
R0002668,O0036718,I00072769,2023-12-29,not_as_expected,177.24,approved
R0002669,O0036740,I00072810,2025-06-10,wrong_size,76.74,approved
R0002670,O0036747,I00072826,2024-03-28,changed_mind,64.63,approved
R0002671,O0036754,I00072842,2024-10-23,wrong_size,9.82,approved
R0002672,O0036755,I00072843,2023-03-02,not_as_expected,72.72,approved
R0002673,O0036757,I00072846,2024-04-18,changed_mind,222.6,approved
R0002674,O0036769,I00072868,2024-05-04,damaged,7.73,approved
R0002675,O0036779,I00072896,2023-02-24,damaged,10.19,rejected
R0002676,O0036791,I00072919,2024-03-30,damaged,6.19,approved
R0002677,O0036792,I00072920,2025-12-17,not_as_expected,398.03,approved
R0002678,O0036796,I00072925,2025-09-18,damaged,37.44,approved
R0002679,O0036810,I00072951,2026-01-02,late_delivery,6.22,rejected
R0002680,O0036824,I00072979,2023-12-27,damaged,107.8,approved
R0002681,O0036833,I00072992,2024-08-09,damaged,37.19,approved
R0002682,O0036855,I00073036,2023-04-03,damaged,87.92,approved
R0002683,O0036862,I00073051,2024-03-13,not_as_expected,25.81,approved
R0002684,O0036870,I00073071,2024-12-20,wrong_size,57.49,approved
R0002685,O0036874,I00073078,2025-01-18,damaged,57.73,approved
R0002686,O0036880,I00073086,2025-01-15,changed_mind,126.93,approved
R0002687,O0036889,I00073104,2024-04-26,not_as_expected,14,approved
R0002688,O0036893,I00073108,2023-06-27,damaged,24.51,rejected
R0002689,O0036897,I00073116,2024-05-12,not_as_expected,375.25,approved
R0002690,O0036900,I00073124,2024-06-13,late_delivery,34.28,approved
R0002691,O0036906,I00073133,2024-08-03,not_as_expected,22.16,approved
R0002692,O0036927,I00073177,2023-11-12,not_as_expected,173.55,approved
R0002693,O0036957,I00073252,2024-10-19,changed_mind,124.99,approved
R0002694,O0036958,I00073255,2024-12-20,wrong_size,102.67,approved
R0002695,O0036970,I00073276,2025-07-07,changed_mind,111.68,approved
R0002696,O0036979,I00073302,2025-11-19,late_delivery,117.41,approved
R0002697,O0037000,I00073342,2025-12-22,changed_mind,5.16,approved
R0002698,O0037015,I00073369,2024-12-07,wrong_size,54.59,rejected
R0002699,O0037016,I00073370,2025-11-26,changed_mind,72.6,approved
R0002700,O0037027,I00073395,2024-11-04,wrong_size,59.41,rejected
R0002701,O0037031,I00073403,2024-07-21,not_as_expected,1460.04,approved
R0002702,O0037041,I00073428,2024-12-26,not_as_expected,390.46,approved
R0002703,O0037067,I00073484,2026-01-09,late_delivery,71.65,approved
R0002704,O0037086,I00073516,2024-04-29,not_as_expected,39.02,approved
R0002705,O0037087,I00073517,2024-10-30,changed_mind,258.11,approved
R0002706,O0037093,I00073530,2024-02-25,wrong_size,158.76,approved
R0002707,O0037096,I00073537,2023-06-15,not_as_expected,76.67,rejected
R0002708,O0037098,I00073541,2024-12-25,not_as_expected,52.79,approved
R0002709,O0037111,I00073569,2025-11-29,damaged,10.73,approved
R0002710,O0037112,I00073572,2025-07-19,not_as_expected,47.09,approved
R0002711,O0037121,I00073591,2024-10-03,damaged,13.13,approved
R0002712,O0037146,I00073643,2023-12-13,wrong_size,25.31,approved
R0002713,O0037147,I00073644,2025-11-26,damaged,339.74,approved
R0002714,O0037150,I00073650,2023-05-09,changed_mind,30.12,approved
R0002715,O0037154,I00073657,2025-11-13,not_as_expected,84.93,approved
R0002716,O0037169,I00073683,2024-11-17,not_as_expected,50.88,approved
R0002717,O0037219,I00073784,2024-10-19,wrong_size,298.07,approved
R0002718,O0037250,I00073841,2023-09-24,not_as_expected,100.58,approved
R0002719,O0037267,I00073876,2025-11-30,not_as_expected,10.79,approved
R0002720,O0037300,I00073952,2025-11-04,not_as_expected,144.49,rejected
R0002721,O0037324,I00073993,2025-08-15,not_as_expected,21.59,approved
R0002722,O0037341,I00074030,2024-06-14,damaged,43.79,approved
R0002723,O0037359,I00074063,2023-10-20,damaged,95.43,approved
R0002724,O0037363,I00074070,2023-06-13,not_as_expected,8.57,approved
R0002725,O0037386,I00074114,2025-11-25,damaged,96.76,approved
R0002726,O0037392,I00074123,2024-03-01,not_as_expected,948.6,approved
R0002727,O0037406,I00074151,2023-11-05,changed_mind,44.53,approved
R0002728,O0037427,I00074194,2026-01-13,not_as_expected,87.32,approved
R0002729,O0037431,I00074204,2026-01-06,changed_mind,81.48,approved
R0002730,O0037445,I00074232,2023-12-05,not_as_expected,128.82,approved
R0002731,O0037458,I00074248,2023-03-10,late_delivery,67.37,approved
R0002732,O0037494,I00074328,2024-09-08,damaged,54.66,approved
R0002733,O0037511,I00074355,2024-12-24,wrong_size,85.29,approved
R0002734,O0037513,I00074358,2024-02-07,not_as_expected,39.42,approved
R0002735,O0037528,I00074391,2024-12-17,changed_mind,406.67,approved
R0002736,O0037544,I00074410,2023-11-09,wrong_size,154.67,rejected
R0002737,O0037555,I00074433,2024-03-26,changed_mind,4.86,approved
R0002738,O0037564,I00074447,2023-08-10,wrong_size,19.94,rejected
R0002739,O0037582,I00074474,2025-01-07,not_as_expected,125.6,rejected
R0002740,O0037591,I00074489,2024-01-11,changed_mind,81.19,approved
R0002741,O0037601,I00074514,2024-01-24,wrong_size,66.48,approved
R0002742,O0037648,I00074607,2023-06-29,wrong_size,108.1,approved
R0002743,O0037650,I00074610,2024-02-29,not_as_expected,73.66,approved
R0002744,O0037654,I00074616,2025-10-02,wrong_size,10.09,approved
R0002745,O0037675,I00074659,2025-03-26,late_delivery,87.47,rejected
R0002746,O0037680,I00074667,2024-09-12,wrong_size,248.33,approved
R0002747,O0037689,I00074687,2025-11-22,changed_mind,118.19,approved
R0002748,O0037700,I00074706,2023-11-15,wrong_size,330.05,approved
R0002749,O0037705,I00074717,2023-04-09,wrong_size,91.93,approved
R0002750,O0037720,I00074759,2024-07-29,late_delivery,97.56,approved
R0002751,O0037736,I00074791,2023-09-07,changed_mind,11.31,approved
R0002752,O0037751,I00074821,2025-04-01,wrong_size,72.24,approved
R0002753,O0037755,I00074828,2025-07-23,damaged,322.7,approved
R0002754,O0037761,I00074844,2025-06-04,not_as_expected,744.57,approved
R0002755,O0037803,I00074916,2025-05-13,late_delivery,35.31,approved
R0002756,O0037818,I00074943,2024-01-20,late_delivery,13.56,approved
R0002757,O0037835,I00074976,2025-03-19,not_as_expected,27.29,approved
R0002758,O0037846,I00074991,2025-10-08,late_delivery,5.42,approved
R0002759,O0037847,I00074994,2024-03-07,wrong_size,149.24,approved
R0002760,O0037848,I00074995,2023-12-13,not_as_expected,24.47,approved
R0002761,O0037863,I00075023,2025-05-20,changed_mind,236.44,approved
R0002762,O0037877,I00075060,2025-12-01,late_delivery,83.3,approved
R0002763,O0037905,I00075105,2023-07-07,not_as_expected,89.24,approved
R0002764,O0037944,I00075183,2023-12-12,late_delivery,95.11,approved
R0002765,O0037946,I00075187,2023-11-27,wrong_size,420.74,approved
R0002766,O0037957,I00075206,2023-08-24,not_as_expected,297.73,approved
R0002767,O0037994,I00075271,2023-06-20,not_as_expected,9.06,approved
R0002768,O0038023,I00075332,2025-08-26,wrong_size,22.27,approved
R0002769,O0038050,I00075389,2024-12-22,not_as_expected,16.06,approved
R0002770,O0038052,I00075391,2023-02-27,damaged,103.18,approved
R0002771,O0038055,I00075400,2023-10-07,not_as_expected,78.06,approved
R0002772,O0038068,I00075427,2024-07-27,not_as_expected,537.98,approved
R0002773,O0038091,I00075480,2023-10-27,changed_mind,87.95,approved
R0002774,O0038097,I00075490,2024-05-06,damaged,36.9,approved
R0002775,O0038107,I00075506,2023-09-04,damaged,22.22,approved
R0002776,O0038120,I00075529,2023-04-21,wrong_size,91.64,approved
R0002777,O0038129,I00075551,2025-11-10,wrong_size,93.16,approved
R0002778,O0038132,I00075554,2023-10-17,changed_mind,80.64,approved
R0002779,O0038154,I00075599,2025-12-24,wrong_size,89.38,approved
R0002780,O0038173,I00075641,2024-12-06,not_as_expected,9.32,approved
R0002781,O0038184,I00075668,2024-08-14,wrong_size,104.3,approved
R0002782,O0038187,I00075674,2025-01-02,not_as_expected,168.63,approved
R0002783,O0038207,I00075712,2023-03-09,damaged,83.27,approved
R0002784,O0038228,I00075752,2024-08-19,wrong_size,63.68,approved
R0002785,O0038238,I00075772,2023-05-22,wrong_size,9.79,approved
R0002786,O0038245,I00075783,2024-06-09,not_as_expected,25.71,approved
R0002787,O0038257,I00075808,2025-12-18,wrong_size,56.58,approved
R0002788,O0038263,I00075815,2025-07-03,wrong_size,24.51,approved
R0002789,O0038281,I00075852,2025-06-07,not_as_expected,90.8,approved
R0002790,O0038286,I00075862,2025-08-02,not_as_expected,39.95,approved
R0002791,O0038287,I00075863,2023-07-11,late_delivery,423.76,approved
R0002792,O0038301,I00075895,2024-09-26,damaged,166.2,approved
R0002793,O0038321,I00075935,2024-07-12,changed_mind,61.24,approved
R0002794,O0038322,I00075936,2024-07-30,not_as_expected,57.24,approved
R0002795,O0038327,I00075943,2023-05-23,damaged,188.83,approved
R0002796,O0038336,I00075963,2023-04-26,not_as_expected,382.74,approved
R0002797,O0038337,I00075966,2025-06-08,late_delivery,138.11,approved
R0002798,O0038357,I00076007,2024-06-22,damaged,282.46,approved
R0002799,O0038369,I00076030,2024-01-08,wrong_size,99.46,approved
R0002800,O0038370,I00076032,2024-11-30,late_delivery,9.33,approved
R0002801,O0038374,I00076042,2023-07-21,not_as_expected,141.29,approved
R0002802,O0038380,I00076054,2025-03-20,damaged,83.73,approved
R0002803,O0038389,I00076075,2025-11-28,not_as_expected,10.02,approved
R0002804,O0038398,I00076093,2023-01-25,changed_mind,122.1,approved
R0002805,O0038413,I00076118,2023-08-06,wrong_size,48.58,approved
R0002806,O0038414,I00076120,2025-04-30,damaged,30.67,approved
R0002807,O0038422,I00076132,2023-12-30,damaged,75.37,rejected
R0002808,O0038434,I00076153,2024-05-31,wrong_size,26.84,approved
R0002809,O0038442,I00076166,2024-10-22,not_as_expected,30.86,approved
R0002810,O0038455,I00076185,2023-11-10,not_as_expected,163.67,approved
R0002811,O0038464,I00076201,2024-12-08,changed_mind,58.95,approved
R0002812,O0038496,I00076269,2023-01-25,damaged,101.24,approved
R0002813,O0038505,I00076289,2024-06-20,not_as_expected,119.56,approved
R0002814,O0038520,I00076319,2025-03-11,late_delivery,413.36,approved
R0002815,O0038568,I00076411,2024-08-04,not_as_expected,520.84,approved
R0002816,O0038570,I00076413,2025-05-28,late_delivery,234.27,approved
R0002817,O0038575,I00076424,2023-09-30,damaged,70.64,approved
R0002818,O0038579,I00076433,2024-06-09,changed_mind,106.27,approved
R0002819,O0038595,I00076457,2023-10-24,not_as_expected,86.32,approved
R0002820,O0038596,I00076459,2025-11-26,late_delivery,171.2,approved
R0002821,O0038599,I00076468,2025-07-04,not_as_expected,137.38,approved
R0002822,O0038601,I00076473,2023-11-06,late_delivery,6.88,approved
R0002823,O0038610,I00076490,2023-10-14,damaged,68.76,approved
R0002824,O0038615,I00076496,2023-08-10,wrong_size,54.05,approved
R0002825,O0038626,I00076515,2023-12-10,wrong_size,16.52,approved
R0002826,O0038636,I00076537,2023-06-18,damaged,13.17,approved
R0002827,O0038648,I00076561,2024-09-29,changed_mind,3.4,rejected
R0002828,O0038656,I00076575,2023-12-12,not_as_expected,98.42,rejected
R0002829,O0038659,I00076579,2024-12-08,damaged,9.56,approved
R0002830,O0038664,I00076589,2025-08-02,not_as_expected,47.7,rejected
R0002831,O0038668,I00076595,2024-06-10,changed_mind,13.8,approved
R0002832,O0038672,I00076600,2025-05-01,changed_mind,399.47,approved
R0002833,O0038680,I00076609,2025-03-04,not_as_expected,38.85,approved
R0002834,O0038711,I00076661,2024-12-05,not_as_expected,60.01,approved
R0002835,O0038716,I00076670,2024-11-15,late_delivery,210,approved
R0002836,O0038742,I00076719,2025-01-25,changed_mind,160.03,approved
R0002837,O0038764,I00076759,2024-04-15,not_as_expected,73.32,approved
R0002838,O0038766,I00076763,2025-11-13,late_delivery,15.64,approved
R0002839,O0038790,I00076813,2023-10-30,damaged,14.84,approved
R0002840,O0038799,I00076835,2025-04-05,wrong_size,9.82,approved
R0002841,O0038819,I00076888,2024-06-09,damaged,57.34,approved
R0002842,O0038822,I00076897,2023-07-17,changed_mind,28.26,approved
R0002843,O0038823,I00076898,2024-07-11,changed_mind,79.15,approved
R0002844,O0038830,I00076911,2025-05-07,not_as_expected,81.89,rejected
R0002845,O0038853,I00076957,2025-09-02,wrong_size,65.52,approved
R0002846,O0038866,I00076979,2025-10-03,damaged,130.18,rejected
R0002847,O0038870,I00076984,2024-02-02,not_as_expected,62.14,approved
R0002848,O0038880,I00077000,2025-05-07,not_as_expected,716.1,approved
R0002849,O0038883,I00077006,2025-12-08,damaged,554.25,approved
R0002850,O0038888,I00077023,2025-08-08,not_as_expected,97.84,approved
R0002851,O0038898,I00077042,2024-05-06,wrong_size,192.1,approved
R0002852,O0038903,I00077058,2024-12-05,wrong_size,17.15,approved
R0002853,O0038915,I00077078,2023-05-02,damaged,106.53,approved
R0002854,O0038932,I00077111,2025-12-30,damaged,97.54,approved
R0002855,O0038940,I00077129,2025-06-25,wrong_size,13.43,approved
R0002856,O0038966,I00077182,2025-04-23,not_as_expected,85.93,approved
R0002857,O0038987,I00077218,2025-01-10,wrong_size,177.71,approved
R0002858,O0039000,I00077241,2025-09-25,damaged,148.23,approved
R0002859,O0039016,I00077262,2024-08-20,wrong_size,9.34,rejected
R0002860,O0039021,I00077274,2023-11-30,damaged,34.6,approved
R0002861,O0039042,I00077315,2023-11-22,not_as_expected,92.52,approved
R0002862,O0039071,I00077377,2024-04-22,not_as_expected,304.75,approved
R0002863,O0039077,I00077389,2023-05-18,changed_mind,37.7,approved
R0002864,O0039081,I00077401,2023-08-27,damaged,12.55,approved
R0002865,O0039111,I00077458,2023-08-01,damaged,248.01,approved
R0002866,O0039126,I00077487,2024-08-27,wrong_size,262.92,rejected
R0002867,O0039138,I00077509,2024-11-30,not_as_expected,47.13,approved
R0002868,O0039155,I00077546,2025-04-20,damaged,24.96,approved
R0002869,O0039177,I00077585,2023-08-18,not_as_expected,11.81,approved
R0002870,O0039178,I00077587,2024-04-04,wrong_size,56.93,approved
R0002871,O0039205,I00077649,2023-05-28,wrong_size,22.39,approved
R0002872,O0039209,I00077659,2025-11-27,wrong_size,9.69,approved
R0002873,O0039212,I00077664,2023-02-06,wrong_size,77.3,approved
R0002874,O0039241,I00077718,2025-09-18,not_as_expected,41.54,approved
R0002875,O0039242,I00077720,2023-03-08,wrong_size,20.61,approved
R0002876,O0039250,I00077730,2025-06-13,late_delivery,127.83,approved
R0002877,O0039260,I00077750,2023-07-22,wrong_size,117.97,approved
R0002878,O0039262,I00077754,2025-06-10,wrong_size,79.69,approved
R0002879,O0039266,I00077761,2023-08-23,changed_mind,221.68,approved
R0002880,O0039282,I00077790,2025-03-07,damaged,87.05,approved
R0002881,O0039303,I00077834,2025-10-30,not_as_expected,262.96,approved
R0002882,O0039345,I00077920,2025-08-15,late_delivery,259.77,approved
R0002883,O0039346,I00077922,2023-02-11,damaged,9.88,approved
R0002884,O0039368,I00077968,2023-08-21,not_as_expected,65.98,approved
R0002885,O0039375,I00077978,2025-07-28,damaged,26.63,approved
R0002886,O0039394,I00078013,2024-11-13,damaged,56.25,approved
R0002887,O0039401,I00078030,2024-10-31,wrong_size,10.46,approved
R0002888,O0039403,I00078034,2025-02-14,changed_mind,115.56,rejected
R0002889,O0039413,I00078060,2023-01-24,wrong_size,12.66,approved
R0002890,O0039422,I00078079,2025-09-26,changed_mind,177.22,approved
R0002891,O0039430,I00078096,2025-07-13,wrong_size,13.54,approved
R0002892,O0039459,I00078151,2025-02-24,not_as_expected,268.78,approved
R0002893,O0039466,I00078169,2023-07-29,not_as_expected,8.37,approved
R0002894,O0039474,I00078187,2025-02-18,not_as_expected,18.2,approved
R0002895,O0039488,I00078218,2024-11-03,changed_mind,67.71,approved
R0002896,O0039505,I00078245,2023-12-14,not_as_expected,20.46,approved
R0002897,O0039508,I00078249,2025-01-20,late_delivery,4.25,approved
R0002898,O0039523,I00078279,2024-12-28,not_as_expected,116.46,approved
R0002899,O0039535,I00078298,2023-02-07,damaged,73.65,rejected
R0002900,O0039553,I00078336,2025-12-04,changed_mind,22.38,approved
R0002901,O0039599,I00078433,2023-09-30,changed_mind,7.28,approved
R0002902,O0039601,I00078438,2025-01-11,changed_mind,98.5,approved
R0002903,O0039617,I00078473,2024-01-20,not_as_expected,249.73,approved
R0002904,O0039635,I00078502,2023-07-05,damaged,27.1,approved
R0002905,O0039648,I00078528,2024-04-08,late_delivery,76,approved
R0002906,O0039678,I00078586,2025-08-26,not_as_expected,53.71,approved
R0002907,O0039695,I00078624,2023-04-16,not_as_expected,3.51,approved
R0002908,O0039737,I00078698,2023-02-08,wrong_size,139.21,approved
R0002909,O0039741,I00078708,2023-01-18,not_as_expected,26.66,approved
R0002910,O0039743,I00078711,2025-01-04,late_delivery,104.16,approved
R0002911,O0039746,I00078717,2024-04-05,not_as_expected,131.32,approved
R0002912,O0039748,I00078721,2023-06-05,not_as_expected,129.61,approved
R0002913,O0039750,I00078728,2025-07-12,wrong_size,200.2,approved
R0002914,O0039751,I00078729,2024-08-26,not_as_expected,305.18,approved
R0002915,O0039754,I00078735,2025-12-01,wrong_size,62.71,approved
R0002916,O0039757,I00078739,2025-12-28,not_as_expected,9.85,approved
R0002917,O0039760,I00078742,2023-02-08,damaged,96.9,approved
R0002918,O0039771,I00078766,2023-09-12,late_delivery,14.75,approved
R0002919,O0039782,I00078787,2024-03-21,damaged,40.37,approved
R0002920,O0039785,I00078796,2024-05-23,damaged,252.1,approved
R0002921,O0039795,I00078824,2024-09-03,changed_mind,15.23,rejected
R0002922,O0039811,I00078854,2023-05-06,changed_mind,40.12,approved
R0002923,O0039851,I00078936,2024-11-22,not_as_expected,7.7,rejected
R0002924,O0039858,I00078945,2024-08-19,late_delivery,181.2,approved
R0002925,O0039865,I00078962,2024-11-02,not_as_expected,141.67,approved
R0002926,O0039900,I00079032,2025-11-23,not_as_expected,103.89,approved
R0002927,O0039907,I00079047,2025-05-06,changed_mind,79.08,rejected
R0002928,O0039910,I00079052,2025-04-29,damaged,12.68,approved
R0002929,O0039931,I00079088,2025-03-22,changed_mind,202.43,approved
R0002930,O0039937,I00079097,2023-07-23,damaged,193.95,approved
R0002931,O0039988,I00079190,2023-05-22,not_as_expected,31.4,rejected
R0002932,O0039989,I00079191,2024-12-21,changed_mind,529.24,approved
R0002933,O0040008,I00079222,2023-04-20,late_delivery,250.06,approved
R0002934,O0040012,I00079232,2025-10-10,not_as_expected,9.45,approved
R0002935,O0040014,I00079238,2025-05-22,damaged,39.24,approved
R0002936,O0040043,I00079300,2025-09-16,not_as_expected,12.67,approved
R0002937,O0040047,I00079306,2024-01-15,late_delivery,72.27,approved
R0002938,O0040050,I00079313,2023-02-25,damaged,89.22,approved
R0002939,O0040065,I00079339,2023-07-28,wrong_size,178.96,approved
R0002940,O0040067,I00079346,2023-08-15,wrong_size,83.19,approved
R0002941,O0040071,I00079353,2025-11-22,changed_mind,123.71,approved
R0002942,O0040083,I00079372,2025-08-23,damaged,7.06,approved
R0002943,O0040091,I00079392,2025-12-31,not_as_expected,16.58,approved
R0002944,O0040092,I00079393,2023-07-03,wrong_size,69.45,approved
R0002945,O0040100,I00079411,2023-03-28,changed_mind,42.08,approved
R0002946,O0040123,I00079452,2023-06-17,damaged,12.63,approved
R0002947,O0040157,I00079516,2025-10-03,changed_mind,42.2,rejected
R0002948,O0040169,I00079536,2026-01-15,not_as_expected,104.69,approved
R0002949,O0040180,I00079562,2025-03-04,changed_mind,20.54,approved
R0002950,O0040203,I00079621,2026-01-05,not_as_expected,67.08,approved
R0002951,O0040204,I00079623,2024-09-26,late_delivery,89.33,approved
R0002952,O0040223,I00079664,2023-07-09,damaged,85.48,approved
R0002953,O0040224,I00079665,2023-05-30,not_as_expected,11.8,approved
R0002954,O0040283,I00079797,2025-09-05,damaged,39.21,approved
R0002955,O0040337,I00079898,2025-10-28,changed_mind,26.99,approved
R0002956,O0040338,I00079902,2024-08-04,not_as_expected,7.67,approved
R0002957,O0040360,I00079951,2024-03-08,not_as_expected,537.02,rejected
R0002958,O0040367,I00079968,2024-12-31,damaged,302.48,approved
R0002959,O0040370,I00079976,2023-03-29,wrong_size,179.36,approved
R0002960,O0040386,I00080002,2024-07-31,wrong_size,50.32,rejected
R0002961,O0040472,I00080167,2025-10-20,late_delivery,55.69,approved
R0002962,O0040475,I00080171,2025-09-19,damaged,77.7,approved
R0002963,O0040481,I00080185,2025-02-18,not_as_expected,83.68,approved
R0002964,O0040482,I00080187,2025-05-11,changed_mind,195.71,approved
R0002965,O0040492,I00080208,2024-05-01,not_as_expected,75,approved
R0002966,O0040496,I00080215,2023-09-07,changed_mind,83.86,approved
R0002967,O0040528,I00080284,2024-03-13,damaged,4.44,approved
R0002968,O0040534,I00080295,2023-06-03,not_as_expected,58.98,approved
R0002969,O0040537,I00080301,2023-08-27,changed_mind,318.92,approved
R0002970,O0040552,I00080329,2023-09-21,wrong_size,417.62,approved
R0002971,O0040554,I00080331,2025-06-13,damaged,51.86,approved
R0002972,O0040573,I00080370,2024-05-31,late_delivery,12.73,approved
R0002973,O0040586,I00080398,2023-08-02,wrong_size,15.09,approved
R0002974,O0040592,I00080413,2025-09-03,damaged,11.07,approved
R0002975,O0040612,I00080452,2025-07-14,not_as_expected,20.99,approved
R0002976,O0040614,I00080454,2024-12-27,wrong_size,8.94,approved
R0002977,O0040618,I00080461,2025-06-12,damaged,36.98,approved
R0002978,O0040621,I00080466,2023-04-30,wrong_size,40.66,rejected
R0002979,O0040625,I00080470,2025-05-02,damaged,20.53,approved
R0002980,O0040628,I00080473,2023-10-21,changed_mind,3.76,approved
R0002981,O0040642,I00080495,2025-05-03,not_as_expected,10.06,approved
R0002982,O0040671,I00080550,2023-05-07,wrong_size,183.66,approved
R0002983,O0040672,I00080553,2023-04-29,wrong_size,43.12,approved
R0002984,O0040690,I00080584,2024-08-04,wrong_size,41.54,approved
R0002985,O0040717,I00080621,2023-06-17,wrong_size,83.64,rejected
R0002986,O0040721,I00080632,2024-01-18,late_delivery,36.21,approved
R0002987,O0040723,I00080640,2023-04-09,wrong_size,86.01,approved
R0002988,O0040728,I00080652,2024-12-26,changed_mind,3.38,approved
R0002989,O0040731,I00080658,2025-07-14,damaged,273.89,approved
R0002990,O0040745,I00080690,2025-03-10,changed_mind,88.98,approved
R0002991,O0040746,I00080693,2023-08-30,not_as_expected,727.15,approved
R0002992,O0040793,I00080786,2024-04-05,late_delivery,242.47,approved
R0002993,O0040796,I00080790,2025-06-23,late_delivery,64.68,approved
R0002994,O0040797,I00080791,2024-01-14,damaged,8.75,approved
R0002995,O0040811,I00080819,2023-10-20,not_as_expected,53.18,approved
R0002996,O0040821,I00080838,2024-03-06,wrong_size,64.24,approved
R0002997,O0040834,I00080859,2023-11-06,changed_mind,30.82,approved
R0002998,O0040836,I00080864,2025-09-17,changed_mind,114.22,approved
R0002999,O0040844,I00080883,2023-05-21,damaged,270.41,approved
R0003000,O0040871,I00080938,2025-03-02,changed_mind,230.28,approved
R0003001,O0040877,I00080952,2024-04-18,not_as_expected,103.35,approved
R0003002,O0040878,I00080953,2023-12-22,late_delivery,98.7,approved
R0003003,O0040879,I00080956,2023-11-07,changed_mind,113.74,approved
R0003004,O0040932,I00081056,2024-05-29,wrong_size,82.06,approved
R0003005,O0040937,I00081066,2023-10-22,late_delivery,8.34,approved
R0003006,O0040940,I00081069,2023-05-01,wrong_size,196.33,rejected
R0003007,O0040950,I00081095,2025-02-16,wrong_size,69.7,approved
R0003008,O0040957,I00081106,2024-12-13,damaged,93.01,rejected
R0003009,O0040961,I00081119,2025-10-26,changed_mind,36.13,approved
R0003010,O0040976,I00081146,2024-07-31,not_as_expected,73.6,rejected
R0003011,O0040981,I00081155,2024-08-21,wrong_size,11.49,approved
R0003012,O0040986,I00081161,2023-04-13,late_delivery,851.54,approved
R0003013,O0040989,I00081167,2024-01-19,damaged,30.99,approved
R0003014,O0040992,I00081175,2023-07-18,damaged,104.87,approved
R0003015,O0041004,I00081200,2025-10-15,damaged,11.66,rejected
R0003016,O0041020,I00081230,2025-08-20,damaged,561.17,approved
R0003017,O0041063,I00081307,2023-11-24,damaged,47,approved
R0003018,O0041089,I00081352,2023-12-16,not_as_expected,53.79,approved
R0003019,O0041141,I00081450,2023-08-16,not_as_expected,19.54,approved
R0003020,O0041146,I00081461,2025-06-05,wrong_size,135.58,approved
R0003021,O0041153,I00081477,2023-12-29,wrong_size,108.76,rejected
R0003022,O0041179,I00081531,2025-04-19,damaged,426.94,approved
R0003023,O0041198,I00081573,2025-04-29,changed_mind,49.74,approved
R0003024,O0041201,I00081577,2024-12-17,late_delivery,27.31,approved
R0003025,O0041218,I00081608,2023-09-02,not_as_expected,272.83,approved
R0003026,O0041249,I00081667,2025-05-23,not_as_expected,180.05,approved
R0003027,O0041273,I00081706,2024-08-24,changed_mind,120.52,rejected
R0003028,O0041294,I00081758,2024-03-18,changed_mind,63.32,approved
R0003029,O0041295,I00081759,2023-04-28,not_as_expected,142.2,approved
R0003030,O0041309,I00081786,2023-08-16,late_delivery,20.98,approved
R0003031,O0041317,I00081801,2025-12-28,damaged,47.01,approved
R0003032,O0041328,I00081831,2025-02-17,wrong_size,63.93,approved
R0003033,O0041342,I00081850,2024-03-15,late_delivery,19.83,approved
R0003034,O0041354,I00081869,2023-03-15,not_as_expected,14.31,approved
R0003035,O0041366,I00081890,2023-07-01,changed_mind,218.88,approved
R0003036,O0041369,I00081895,2023-12-08,not_as_expected,733.09,approved
R0003037,O0041370,I00081897,2024-01-03,damaged,320.64,approved
R0003038,O0041390,I00081932,2025-10-10,late_delivery,677.18,approved
R0003039,O0041415,I00081981,2025-12-16,damaged,52.26,approved
R0003040,O0041423,I00081993,2025-06-08,wrong_size,100.59,approved
R0003041,O0041429,I00082004,2024-09-18,wrong_size,63.32,approved
R0003042,O0041457,I00082058,2025-02-09,wrong_size,45.56,approved
R0003043,O0041471,I00082080,2025-06-10,wrong_size,175.66,approved
R0003044,O0041476,I00082091,2023-09-26,late_delivery,3.95,approved
R0003045,O0041492,I00082116,2025-09-20,changed_mind,74.9,approved
R0003046,O0041501,I00082132,2024-09-25,not_as_expected,37.14,approved
R0003047,O0041506,I00082141,2024-01-22,damaged,112.79,approved
R0003048,O0041529,I00082185,2024-04-19,wrong_size,43.34,rejected
R0003049,O0041548,I00082226,2023-07-19,damaged,4.88,rejected
R0003050,O0041566,I00082260,2023-02-01,changed_mind,102.4,approved
R0003051,O0041570,I00082267,2024-07-21,wrong_size,37.55,approved
R0003052,O0041575,I00082277,2025-01-07,wrong_size,100.28,approved
R0003053,O0041596,I00082318,2025-12-04,changed_mind,53.66,approved
R0003054,O0041600,I00082324,2024-05-19,damaged,1.66,approved
R0003055,O0041604,I00082332,2024-02-24,not_as_expected,26.83,approved
R0003056,O0041612,I00082349,2025-08-22,damaged,197.28,approved
R0003057,O0041613,I00082351,2025-08-28,damaged,180.46,approved
R0003058,O0041667,I00082458,2023-07-18,not_as_expected,54.22,approved
R0003059,O0041672,I00082467,2023-10-03,late_delivery,134.98,approved
R0003060,O0041689,I00082500,2025-07-09,damaged,249.87,approved
R0003061,O0041699,I00082525,2023-05-30,late_delivery,169.26,approved
R0003062,O0041718,I00082562,2024-09-22,wrong_size,208.34,approved
R0003063,O0041736,I00082596,2025-08-15,wrong_size,517.66,approved
R0003064,O0041740,I00082605,2023-10-03,changed_mind,577.29,approved
R0003065,O0041756,I00082641,2025-08-06,not_as_expected,79.22,approved
R0003066,O0041767,I00082665,2025-06-01,not_as_expected,28.38,approved
R0003067,O0041821,I00082776,2024-01-05,changed_mind,52.36,approved
R0003068,O0041839,I00082803,2025-05-27,damaged,103.82,approved
R0003069,O0041846,I00082819,2023-02-11,damaged,57.07,approved
R0003070,O0041852,I00082832,2025-10-06,not_as_expected,54.89,approved
R0003071,O0041860,I00082848,2024-05-20,changed_mind,275.68,approved
R0003072,O0041866,I00082865,2024-12-24,wrong_size,202.78,approved
R0003073,O0041874,I00082878,2023-11-19,late_delivery,4.99,approved
R0003074,O0041875,I00082879,2024-10-20,not_as_expected,9.45,approved
R0003075,O0041877,I00082882,2023-08-15,wrong_size,242.96,approved
R0003076,O0041881,I00082892,2024-05-27,damaged,233.64,approved
R0003077,O0041887,I00082905,2025-04-09,changed_mind,88.14,approved
R0003078,O0041896,I00082926,2023-04-26,wrong_size,121.42,approved
R0003079,O0041897,I00082927,2025-10-17,damaged,8.1,approved
R0003080,O0041898,I00082929,2024-05-25,wrong_size,8.01,approved
R0003081,O0041909,I00082944,2023-09-19,not_as_expected,79.57,approved
R0003082,O0041914,I00082956,2023-06-16,damaged,148.22,approved
R0003083,O0041928,I00082999,2025-12-24,damaged,20.5,approved
R0003084,O0041943,I00083026,2023-04-04,damaged,44.34,approved
R0003085,O0041946,I00083031,2023-09-30,not_as_expected,144.45,approved
R0003086,O0041970,I00083081,2023-04-15,damaged,36.85,approved
R0003087,O0041980,I00083109,2023-01-14,not_as_expected,52.14,rejected
R0003088,O0041990,I00083139,2023-04-12,wrong_size,33.55,approved
R0003089,O0041991,I00083141,2025-03-15,damaged,108.95,approved
R0003090,O0041999,I00083155,2024-01-06,not_as_expected,74.36,approved
R0003091,O0042020,I00083198,2025-08-02,late_delivery,190.91,approved
R0003092,O0042042,I00083237,2025-11-19,not_as_expected,178.63,approved
R0003093,O0042090,I00083345,2024-06-20,not_as_expected,69.74,rejected
R0003094,O0042117,I00083414,2025-09-08,changed_mind,531.93,approved
R0003095,O0042121,I00083421,2025-04-24,late_delivery,83.98,rejected
R0003096,O0042126,I00083427,2024-09-17,damaged,43.15,approved
R0003097,O0042160,I00083487,2025-08-28,changed_mind,43.69,approved
R0003098,O0042178,I00083519,2024-11-24,not_as_expected,43.31,approved
R0003099,O0042188,I00083543,2025-01-14,late_delivery,10.93,approved
R0003100,O0042189,I00083544,2023-03-14,late_delivery,21,rejected
R0003101,O0042213,I00083592,2026-01-06,damaged,57.71,approved
R0003102,O0042234,I00083636,2025-05-05,wrong_size,28.49,approved
R0003103,O0042244,I00083656,2024-07-04,damaged,38.04,rejected
R0003104,O0042253,I00083677,2023-12-01,not_as_expected,26.56,approved
R0003105,O0042260,I00083691,2025-09-16,damaged,545.19,approved
R0003106,O0042263,I00083697,2023-06-17,wrong_size,295.46,approved
R0003107,O0042302,I00083757,2023-08-11,changed_mind,95.36,approved
R0003108,O0042313,I00083775,2024-09-16,not_as_expected,72.15,approved
R0003109,O0042330,I00083822,2024-06-16,damaged,38.41,approved
R0003110,O0042356,I00083877,2025-12-20,wrong_size,1471.79,approved
R0003111,O0042367,I00083897,2023-03-04,damaged,51.26,approved
R0003112,O0042386,I00083928,2024-10-04,not_as_expected,319.82,approved
R0003113,O0042389,I00083933,2024-11-22,late_delivery,89.36,approved
R0003114,O0042410,I00083973,2025-03-21,wrong_size,73.58,approved
R0003115,O0042414,I00083981,2023-11-08,not_as_expected,25.24,rejected
R0003116,O0042436,I00084026,2025-10-24,changed_mind,81.02,approved
R0003117,O0042441,I00084033,2024-01-10,late_delivery,37.84,approved
R0003118,O0042454,I00084066,2023-05-22,not_as_expected,245.1,approved
R0003119,O0042465,I00084088,2023-03-19,wrong_size,583.46,approved
R0003120,O0042472,I00084103,2023-03-01,changed_mind,11.53,approved
R0003121,O0042487,I00084138,2025-12-04,damaged,41.12,approved
R0003122,O0042494,I00084153,2023-05-30,wrong_size,7.11,approved
R0003123,O0042498,I00084161,2023-11-12,wrong_size,25.46,approved
R0003124,O0042509,I00084179,2023-06-27,damaged,86.74,approved
R0003125,O0042538,I00084226,2024-04-15,damaged,500.9,approved
R0003126,O0042579,I00084317,2024-11-19,changed_mind,239.25,approved
R0003127,O0042588,I00084338,2023-03-29,damaged,2.13,approved
R0003128,O0042598,I00084360,2025-12-28,late_delivery,74.5,approved
R0003129,O0042602,I00084373,2023-11-18,damaged,22.53,approved
R0003130,O0042605,I00084377,2025-04-19,late_delivery,97.19,approved
R0003131,O0042611,I00084394,2023-08-26,not_as_expected,726.59,approved
R0003132,O0042628,I00084428,2025-04-07,not_as_expected,202.49,approved
R0003133,O0042641,I00084452,2024-02-23,wrong_size,42.6,approved
R0003134,O0042661,I00084487,2025-11-16,wrong_size,169.8,approved
R0003135,O0042677,I00084512,2024-03-25,not_as_expected,22.92,approved
R0003136,O0042709,I00084583,2024-08-06,not_as_expected,19.68,approved
R0003137,O0042718,I00084599,2024-02-18,wrong_size,120.17,approved
R0003138,O0042724,I00084610,2023-10-13,changed_mind,667.4,approved
R0003139,O0042727,I00084614,2023-04-04,changed_mind,26.11,approved
R0003140,O0042728,I00084615,2025-11-08,not_as_expected,20.22,approved
R0003141,O0042731,I00084621,2024-12-03,damaged,11.46,approved
R0003142,O0042738,I00084640,2024-10-23,wrong_size,240.58,approved
R0003143,O0042744,I00084649,2023-11-23,wrong_size,56.73,approved
R0003144,O0042753,I00084664,2023-10-19,wrong_size,4.83,approved
R0003145,O0042783,I00084717,2023-12-14,changed_mind,27.58,approved
R0003146,O0042785,I00084719,2024-01-10,damaged,109.92,approved
R0003147,O0042788,I00084724,2023-12-20,not_as_expected,60.02,approved
R0003148,O0042800,I00084745,2023-11-30,late_delivery,120.93,approved
R0003149,O0042835,I00084810,2025-07-27,damaged,62.41,approved
R0003150,O0042837,I00084815,2023-12-11,late_delivery,223.75,approved
R0003151,O0042847,I00084837,2023-01-29,not_as_expected,27.83,approved
R0003152,O0042882,I00084909,2023-08-14,wrong_size,265.18,approved
R0003153,O0042902,I00084949,2023-12-26,not_as_expected,104.17,approved
R0003154,O0042923,I00084982,2023-09-22,changed_mind,25.03,approved
R0003155,O0042941,I00085016,2025-11-05,damaged,37.43,approved
R0003156,O0042948,I00085026,2024-07-15,late_delivery,120.71,approved
R0003157,O0042980,I00085083,2023-10-05,damaged,176.61,approved
R0003158,O0042981,I00085085,2025-09-21,wrong_size,65.71,approved
R0003159,O0042993,I00085106,2024-08-17,damaged,60,approved
R0003160,O0043021,I00085166,2024-06-02,not_as_expected,153.18,approved
R0003161,O0043030,I00085190,2023-02-10,wrong_size,65.93,approved
R0003162,O0043042,I00085213,2025-04-02,not_as_expected,147.04,approved
R0003163,O0043076,I00085286,2024-12-20,damaged,245.16,approved
R0003164,O0043100,I00085328,2023-12-01,damaged,39.73,approved
R0003165,O0043101,I00085329,2025-09-21,not_as_expected,32.41,approved
R0003166,O0043110,I00085351,2025-05-01,damaged,135.87,approved
R0003167,O0043129,I00085398,2023-03-27,damaged,58.06,approved
R0003168,O0043146,I00085431,2025-05-26,damaged,62.73,approved
R0003169,O0043149,I00085437,2023-06-20,not_as_expected,25.64,approved
R0003170,O0043184,I00085504,2023-11-08,wrong_size,12.06,approved
R0003171,O0043219,I00085576,2023-03-25,not_as_expected,26.25,approved
R0003172,O0043225,I00085593,2023-11-19,not_as_expected,100.52,approved
R0003173,O0043229,I00085604,2025-12-11,damaged,38.32,approved
R0003174,O0043231,I00085610,2024-10-24,damaged,67.15,approved
R0003175,O0043240,I00085628,2024-04-28,wrong_size,426.21,approved
R0003176,O0043258,I00085672,2024-06-13,wrong_size,72.29,approved
R0003177,O0043269,I00085688,2025-01-12,damaged,56.36,approved
R0003178,O0043283,I00085716,2025-01-23,wrong_size,11.65,approved
R0003179,O0043303,I00085755,2024-09-23,damaged,19.28,rejected
R0003180,O0043322,I00085797,2025-09-22,not_as_expected,24.87,approved
R0003181,O0043325,I00085805,2025-05-25,not_as_expected,68.78,rejected
R0003182,O0043337,I00085826,2023-08-24,changed_mind,74.33,approved
R0003183,O0043343,I00085838,2025-05-02,not_as_expected,9.91,approved
R0003184,O0043373,I00085896,2023-07-25,damaged,37.99,approved
R0003185,O0043378,I00085902,2024-09-25,damaged,93.27,approved
R0003186,O0043388,I00085922,2023-08-20,not_as_expected,89.34,approved
R0003187,O0043396,I00085935,2025-07-24,changed_mind,19.5,approved
R0003188,O0043402,I00085950,2024-02-18,wrong_size,93.52,rejected
R0003189,O0043406,I00085960,2023-06-05,not_as_expected,107.51,approved
R0003190,O0043411,I00085967,2025-07-10,not_as_expected,78.71,rejected
R0003191,O0043417,I00085980,2025-06-08,not_as_expected,25.29,approved
R0003192,O0043418,I00085983,2023-09-23,changed_mind,93.47,approved
R0003193,O0043445,I00086041,2024-07-26,changed_mind,40.86,approved
R0003194,O0043458,I00086063,2025-08-09,not_as_expected,130.59,approved
R0003195,O0043493,I00086132,2025-10-08,not_as_expected,126.7,approved
R0003196,O0043533,I00086211,2025-10-07,not_as_expected,13.84,approved
R0003197,O0043541,I00086223,2025-08-08,wrong_size,18.97,rejected
R0003198,O0043544,I00086227,2023-09-04,damaged,42.99,approved
R0003199,O0043554,I00086241,2025-11-23,changed_mind,1.58,approved
R0003200,O0043573,I00086278,2025-01-05,wrong_size,21.11,approved
R0003201,O0043583,I00086302,2024-03-17,not_as_expected,74.99,approved
R0003202,O0043587,I00086308,2024-06-30,damaged,131.44,approved
R0003203,O0043620,I00086368,2023-11-20,late_delivery,32.21,approved
R0003204,O0043627,I00086384,2023-08-04,not_as_expected,47.2,approved
R0003205,O0043630,I00086395,2025-03-05,wrong_size,80,approved
R0003206,O0043639,I00086414,2024-11-21,wrong_size,7.49,approved
R0003207,O0043647,I00086429,2023-12-28,late_delivery,25.9,approved
R0003208,O0043704,I00086543,2024-10-26,not_as_expected,51.03,approved
R0003209,O0043705,I00086550,2025-12-26,damaged,39.39,approved
R0003210,O0043707,I00086554,2024-11-15,not_as_expected,26.05,approved
R0003211,O0043728,I00086597,2024-10-27,late_delivery,4.89,rejected
R0003212,O0043731,I00086605,2025-03-09,changed_mind,113.56,rejected
R0003213,O0043739,I00086619,2023-02-26,late_delivery,705.14,approved
R0003214,O0043758,I00086648,2023-08-21,late_delivery,10.87,approved
R0003215,O0043763,I00086658,2025-12-15,not_as_expected,49.58,approved
R0003216,O0043764,I00086661,2024-01-31,not_as_expected,284.01,approved
R0003217,O0043785,I00086703,2024-02-12,damaged,42.41,approved
R0003218,O0043793,I00086723,2025-12-16,wrong_size,17.22,approved
R0003219,O0043801,I00086734,2023-03-19,wrong_size,46.23,approved
R0003220,O0043862,I00086849,2025-01-29,not_as_expected,86.49,approved
R0003221,O0043868,I00086862,2023-06-23,not_as_expected,179.38,approved
R0003222,O0043878,I00086877,2025-03-16,not_as_expected,38.27,approved
R0003223,O0043883,I00086883,2024-10-28,not_as_expected,1562.7,approved
R0003224,O0043897,I00086907,2023-12-01,not_as_expected,101.52,approved
R0003225,O0043903,I00086919,2025-07-21,not_as_expected,39.83,approved
R0003226,O0043919,I00086945,2024-09-11,not_as_expected,9.82,approved
R0003227,O0043922,I00086949,2025-08-22,wrong_size,479.06,approved
R0003228,O0043927,I00086962,2024-07-11,not_as_expected,106.76,approved
R0003229,O0043954,I00087010,2023-10-25,changed_mind,41.75,rejected
R0003230,O0043956,I00087017,2023-04-29,changed_mind,44.22,approved
R0003231,O0044018,I00087141,2024-12-26,damaged,801.51,rejected
R0003232,O0044031,I00087163,2024-10-08,not_as_expected,39.33,approved
R0003233,O0044033,I00087165,2025-09-28,wrong_size,34.64,approved
R0003234,O0044042,I00087179,2023-06-19,wrong_size,19.03,approved
R0003235,O0044059,I00087213,2024-11-25,damaged,34.23,approved
R0003236,O0044072,I00087240,2024-08-22,damaged,191.02,approved
R0003237,O0044074,I00087248,2024-03-31,late_delivery,35.09,approved
R0003238,O0044091,I00087280,2024-04-06,damaged,202.48,approved
R0003239,O0044115,I00087325,2023-11-24,not_as_expected,43.3,approved
R0003240,O0044129,I00087355,2025-11-05,changed_mind,85.81,approved
R0003241,O0044139,I00087378,2025-03-10,changed_mind,9.48,approved
R0003242,O0044146,I00087391,2023-10-20,wrong_size,39.34,approved
R0003243,O0044150,I00087396,2024-07-11,changed_mind,93.15,approved
R0003244,O0044156,I00087406,2025-08-31,late_delivery,112.1,rejected
R0003245,O0044163,I00087418,2024-11-18,late_delivery,22.91,rejected
R0003246,O0044180,I00087457,2023-01-29,not_as_expected,186.39,approved
R0003247,O0044198,I00087495,2023-03-22,damaged,96.88,approved
R0003248,O0044234,I00087573,2024-05-11,changed_mind,41.62,approved
R0003249,O0044267,I00087649,2025-06-16,changed_mind,18.48,approved
R0003250,O0044281,I00087676,2023-12-18,wrong_size,76.96,approved
R0003251,O0044286,I00087683,2025-08-11,damaged,13.93,rejected
R0003252,O0044287,I00087687,2025-10-14,not_as_expected,39.07,approved
R0003253,O0044311,I00087738,2025-11-17,changed_mind,41.64,rejected
R0003254,O0044314,I00087743,2025-12-04,wrong_size,48.75,approved
R0003255,O0044318,I00087754,2023-02-23,damaged,79.99,approved
R0003256,O0044324,I00087765,2023-12-11,not_as_expected,17.94,approved
R0003257,O0044346,I00087814,2025-04-09,late_delivery,103.55,approved
R0003258,O0044350,I00087819,2024-02-23,wrong_size,21.7,approved
R0003259,O0044356,I00087832,2025-10-19,wrong_size,105.04,approved
R0003260,O0044362,I00087842,2023-01-25,damaged,31.02,approved
R0003261,O0044364,I00087848,2024-11-05,not_as_expected,57.16,approved
R0003262,O0044365,I00087849,2023-12-11,changed_mind,18.26,approved
R0003263,O0044366,I00087850,2024-08-08,wrong_size,9.56,approved
R0003264,O0044375,I00087864,2023-06-04,not_as_expected,172.51,approved
R0003265,O0044388,I00087887,2025-12-22,damaged,59.91,approved
R0003266,O0044390,I00087889,2024-06-20,late_delivery,8.47,approved
R0003267,O0044402,I00087912,2024-02-28,changed_mind,10.22,approved
R0003268,O0044422,I00087957,2023-06-18,not_as_expected,29.39,approved
R0003269,O0044504,I00088117,2024-11-13,changed_mind,92.17,approved
R0003270,O0044521,I00088150,2024-03-25,damaged,250.69,rejected
R0003271,O0044566,I00088229,2024-02-03,wrong_size,11.29,approved
R0003272,O0044579,I00088260,2024-09-02,damaged,40.75,approved
R0003273,O0044586,I00088273,2025-11-10,not_as_expected,34.58,approved
R0003274,O0044610,I00088313,2024-11-22,late_delivery,26.34,approved
R0003275,O0044619,I00088330,2025-01-28,not_as_expected,73.48,approved
R0003276,O0044623,I00088337,2025-09-06,changed_mind,68.72,approved
R0003277,O0044655,I00088392,2024-06-13,late_delivery,32.1,approved
R0003278,O0044669,I00088429,2024-03-29,not_as_expected,19.04,approved
R0003279,O0044710,I00088510,2024-09-02,not_as_expected,64.62,approved
R0003280,O0044724,I00088534,2024-12-08,wrong_size,75.12,approved
R0003281,O0044733,I00088554,2024-02-26,changed_mind,77.17,approved
R0003282,O0044753,I00088596,2024-04-19,changed_mind,122.89,approved
R0003283,O0044763,I00088614,2023-12-27,damaged,126.71,approved
R0003284,O0044772,I00088629,2024-02-01,wrong_size,19.33,approved
R0003285,O0044802,I00088697,2023-06-20,damaged,34.49,approved
R0003286,O0044808,I00088712,2025-11-21,late_delivery,23.44,approved
R0003287,O0044816,I00088726,2025-12-19,not_as_expected,45.55,approved
R0003288,O0044828,I00088752,2025-07-11,late_delivery,224.18,approved
R0003289,O0044833,I00088765,2024-08-19,wrong_size,74.36,approved
R0003290,O0044849,I00088796,2023-11-25,not_as_expected,91.66,approved
R0003291,O0044879,I00088868,2025-12-01,damaged,513.08,approved
R0003292,O0044952,I00089021,2023-10-28,wrong_size,7.97,approved
R0003293,O0044958,I00089030,2025-10-12,late_delivery,126.58,approved
R0003294,O0044961,I00089036,2025-10-05,late_delivery,46.43,approved
R0003295,O0044969,I00089051,2025-10-06,late_delivery,93.8,approved
R0003296,O0044974,I00089059,2025-05-18,wrong_size,90.35,approved
R0003297,O0045028,I00089163,2025-01-06,not_as_expected,5.17,approved
R0003298,O0045044,I00089187,2025-11-28,wrong_size,443.67,approved
R0003299,O0045053,I00089205,2023-02-07,damaged,224.39,approved
R0003300,O0045057,I00089210,2025-01-07,changed_mind,474.22,rejected
R0003301,O0045077,I00089242,2023-02-01,not_as_expected,188.4,approved
R0003302,O0045101,I00089296,2023-12-24,changed_mind,12.08,approved
R0003303,O0045127,I00089344,2026-01-13,not_as_expected,234.23,approved
R0003304,O0045131,I00089353,2025-07-12,late_delivery,250.55,approved
R0003305,O0045141,I00089384,2023-09-05,not_as_expected,158.82,approved
R0003306,O0045154,I00089411,2024-04-19,late_delivery,32.09,approved
R0003307,O0045168,I00089432,2024-09-23,wrong_size,38.07,approved
R0003308,O0045186,I00089466,2024-04-14,damaged,653.07,approved
R0003309,O0045195,I00089479,2026-01-07,damaged,48.23,approved
R0003310,O0045196,I00089480,2024-07-26,damaged,8.3,rejected
R0003311,O0045220,I00089525,2023-09-24,changed_mind,129.84,approved
R0003312,O0045227,I00089536,2024-07-10,wrong_size,76.79,approved
R0003313,O0045232,I00089551,2024-07-07,damaged,310.1,approved
R0003314,O0045250,I00089590,2023-09-19,damaged,69.51,approved
R0003315,O0045277,I00089641,2023-02-24,late_delivery,128.6,approved
R0003316,O0045325,I00089732,2023-02-02,changed_mind,65.91,approved
R0003317,O0045351,I00089789,2025-04-01,not_as_expected,80.81,approved
R0003318,O0045376,I00089841,2024-03-13,damaged,72.66,approved
R0003319,O0045379,I00089847,2025-06-18,wrong_size,21.38,approved
R0003320,O0045390,I00089873,2025-08-08,late_delivery,38.53,rejected
R0003321,O0045393,I00089880,2024-12-28,late_delivery,196.5,approved
R0003322,O0045410,I00089921,2024-11-08,late_delivery,729.94,approved
R0003323,O0045412,I00089924,2024-08-24,damaged,3.22,approved
R0003324,O0045422,I00089941,2025-04-02,not_as_expected,28.84,approved
R0003325,O0045430,I00089959,2025-11-18,wrong_size,62.68,approved
R0003326,O0045431,I00089962,2024-11-09,late_delivery,10.42,rejected
R0003327,O0045433,I00089971,2025-06-18,changed_mind,44.08,approved
R0003328,O0045497,I00090091,2025-06-18,damaged,208.89,approved
R0003329,O0045519,I00090141,2023-12-30,late_delivery,16.95,approved
R0003330,O0045524,I00090154,2025-07-23,changed_mind,726.24,approved
R0003331,O0045534,I00090169,2023-07-23,damaged,27.45,approved
R0003332,O0045544,I00090196,2024-03-17,changed_mind,603.8,approved
R0003333,O0045561,I00090229,2024-01-03,not_as_expected,56.98,approved
R0003334,O0045592,I00090287,2024-10-14,damaged,59.41,approved
R0003335,O0045594,I00090293,2024-10-21,damaged,80.25,approved
R0003336,O0045611,I00090333,2024-01-15,changed_mind,12.8,approved
R0003337,O0045629,I00090368,2025-12-20,changed_mind,68.44,approved
R0003338,O0045639,I00090386,2024-01-07,damaged,10.2,approved
R0003339,O0045644,I00090394,2026-01-15,damaged,11.58,approved
R0003340,O0045695,I00090497,2023-05-12,not_as_expected,155.39,approved
R0003341,O0045698,I00090504,2023-08-19,wrong_size,24.62,rejected
R0003342,O0045708,I00090524,2024-08-07,changed_mind,12.89,approved
R0003343,O0045714,I00090533,2024-10-04,late_delivery,242.24,rejected
R0003344,O0045740,I00090576,2025-05-27,not_as_expected,10.08,approved
R0003345,O0045742,I00090579,2024-04-05,damaged,506.31,approved
R0003346,O0045747,I00090590,2024-01-11,late_delivery,10.86,rejected
R0003347,O0045756,I00090612,2024-08-06,not_as_expected,82.85,approved
R0003348,O0045760,I00090621,2025-04-17,wrong_size,47.72,approved
R0003349,O0045779,I00090649,2024-05-14,not_as_expected,56.25,approved
R0003350,O0045781,I00090652,2025-09-17,late_delivery,41.4,approved
R0003351,O0045796,I00090691,2025-06-11,wrong_size,330.89,approved
R0003352,O0045801,I00090705,2024-09-11,not_as_expected,30.65,approved
R0003353,O0045819,I00090742,2025-03-13,damaged,12.97,rejected
R0003354,O0045823,I00090749,2023-02-14,damaged,455.08,approved
R0003355,O0045824,I00090752,2025-08-12,wrong_size,530.08,rejected
R0003356,O0045847,I00090797,2025-12-05,damaged,92.53,approved
R0003357,O0045900,I00090903,2024-06-03,changed_mind,702.57,approved
R0003358,O0045910,I00090919,2025-02-07,damaged,74.58,approved
R0003359,O0045916,I00090934,2025-02-11,damaged,28.55,approved
R0003360,O0045918,I00090938,2023-05-12,not_as_expected,182.9,approved
R0003361,O0045966,I00091042,2024-02-27,wrong_size,3.97,approved
R0003362,O0045996,I00091112,2023-12-31,late_delivery,128.27,approved
R0003363,O0046001,I00091118,2025-03-04,changed_mind,58.07,approved
R0003364,O0046007,I00091128,2025-01-12,changed_mind,15.05,approved
R0003365,O0046018,I00091149,2025-10-08,damaged,71.9,approved
R0003366,O0046033,I00091172,2024-09-26,not_as_expected,300.47,approved
R0003367,O0046058,I00091224,2023-12-31,late_delivery,106.28,approved
R0003368,O0046072,I00091246,2024-06-19,not_as_expected,27.98,approved
R0003369,O0046075,I00091255,2024-07-04,damaged,7.85,approved
R0003370,O0046085,I00091271,2023-07-19,wrong_size,103.11,approved
R0003371,O0046111,I00091315,2023-08-28,wrong_size,164.58,approved
R0003372,O0046114,I00091318,2023-05-14,wrong_size,1200.6,approved
R0003373,O0046141,I00091373,2023-11-24,wrong_size,561.04,approved
R0003374,O0046148,I00091383,2024-08-17,wrong_size,54.12,approved
R0003375,O0046149,I00091384,2025-05-06,changed_mind,6.4,approved
R0003376,O0046153,I00091391,2025-12-08,not_as_expected,79.3,rejected
R0003377,O0046154,I00091394,2025-08-01,not_as_expected,10.31,approved
R0003378,O0046157,I00091401,2023-04-26,not_as_expected,107.07,approved
R0003379,O0046173,I00091431,2025-03-04,wrong_size,106.5,approved
R0003380,O0046174,I00091433,2024-07-30,late_delivery,87.43,approved
R0003381,O0046180,I00091445,2025-12-10,wrong_size,42.97,approved
R0003382,O0046202,I00091485,2024-06-02,changed_mind,223.93,approved
R0003383,O0046245,I00091570,2024-07-21,late_delivery,25.67,rejected
R0003384,O0046270,I00091619,2024-10-19,damaged,571.29,approved
R0003385,O0046336,I00091741,2024-08-22,not_as_expected,121.11,approved
R0003386,O0046343,I00091756,2023-05-28,changed_mind,90.2,approved
R0003387,O0046351,I00091767,2023-01-21,wrong_size,58.69,approved
R0003388,O0046389,I00091836,2024-10-10,damaged,40.46,rejected
R0003389,O0046407,I00091879,2023-05-22,not_as_expected,15.99,approved
R0003390,O0046425,I00091914,2025-09-07,late_delivery,569.39,approved
R0003391,O0046427,I00091916,2025-04-11,not_as_expected,382.06,approved
R0003392,O0046480,I00092023,2025-12-10,damaged,87.47,approved
R0003393,O0046488,I00092042,2024-10-17,damaged,152.19,approved
R0003394,O0046493,I00092056,2023-10-24,not_as_expected,190.64,approved
R0003395,O0046511,I00092089,2023-12-17,not_as_expected,29.52,approved
R0003396,O0046516,I00092097,2025-07-27,late_delivery,13.5,approved
R0003397,O0046517,I00092100,2024-06-29,changed_mind,136.81,approved
R0003398,O0046535,I00092138,2023-08-18,not_as_expected,76.04,approved
R0003399,O0046588,I00092253,2023-08-16,not_as_expected,9.25,approved
R0003400,O0046590,I00092256,2024-08-05,damaged,95.56,approved
R0003401,O0046607,I00092294,2025-02-20,changed_mind,15.82,approved
R0003402,O0046608,I00092295,2026-01-11,late_delivery,11.92,rejected
R0003403,O0046609,I00092296,2025-02-22,wrong_size,37.37,approved
R0003404,O0046610,I00092302,2025-06-28,not_as_expected,29.81,approved
R0003405,O0046634,I00092362,2023-07-31,damaged,73.36,approved
R0003406,O0046649,I00092397,2024-06-14,not_as_expected,6.43,approved
R0003407,O0046669,I00092440,2023-03-29,not_as_expected,210.2,rejected
R0003408,O0046684,I00092470,2025-03-31,damaged,5.04,approved
R0003409,O0046701,I00092505,2024-07-02,damaged,190.43,approved
R0003410,O0046715,I00092538,2025-12-12,wrong_size,39.83,approved
R0003411,O0046737,I00092590,2024-02-20,not_as_expected,82.04,approved
R0003412,O0046738,I00092591,2025-06-18,damaged,80.08,approved
R0003413,O0046742,I00092599,2024-07-19,late_delivery,14.08,approved
R0003414,O0046744,I00092601,2024-02-02,not_as_expected,11.02,approved
R0003415,O0046758,I00092619,2023-06-23,wrong_size,98.63,approved
R0003416,O0046760,I00092621,2024-09-22,not_as_expected,3.08,rejected
R0003417,O0046767,I00092636,2025-01-07,late_delivery,71.76,approved
R0003418,O0046776,I00092653,2024-08-21,changed_mind,107.9,approved
R0003419,O0046781,I00092662,2025-08-08,wrong_size,9.78,approved
R0003420,O0046787,I00092677,2025-01-19,wrong_size,79.58,approved
R0003421,O0046794,I00092692,2025-03-30,late_delivery,129.6,approved
R0003422,O0046807,I00092720,2025-05-24,changed_mind,245.68,approved
R0003423,O0046818,I00092740,2023-08-18,damaged,14.47,approved
R0003424,O0046820,I00092744,2023-09-12,not_as_expected,9.74,approved
R0003425,O0046834,I00092770,2023-03-21,late_delivery,55.71,rejected
R0003426,O0046840,I00092782,2024-10-22,not_as_expected,9.61,approved
R0003427,O0046884,I00092856,2024-06-20,not_as_expected,53.84,approved
R0003428,O0046893,I00092876,2025-12-07,damaged,33.86,approved
R0003429,O0046913,I00092918,2023-02-21,not_as_expected,55.72,approved
R0003430,O0046915,I00092921,2023-05-22,not_as_expected,172.61,approved
R0003431,O0046947,I00092994,2025-05-29,damaged,3.9,approved
R0003432,O0046979,I00093055,2023-07-24,not_as_expected,67.78,approved
R0003433,O0047010,I00093110,2024-03-05,not_as_expected,6.35,approved
R0003434,O0047033,I00093153,2023-03-31,damaged,25.8,approved
R0003435,O0047039,I00093165,2025-01-29,late_delivery,55.25,approved
R0003436,O0047046,I00093176,2024-05-29,changed_mind,60.53,approved
R0003437,O0047068,I00093220,2024-11-21,wrong_size,156.06,approved
R0003438,O0047106,I00093299,2023-03-25,late_delivery,86.96,approved
R0003439,O0047131,I00093345,2024-07-11,wrong_size,571.38,approved
R0003440,O0047136,I00093354,2023-01-27,changed_mind,65.67,approved
R0003441,O0047138,I00093360,2025-12-07,wrong_size,10.16,approved
R0003442,O0047140,I00093363,2024-03-26,late_delivery,34.72,rejected
R0003443,O0047155,I00093391,2025-11-08,late_delivery,73.53,approved
R0003444,O0047160,I00093398,2023-06-01,not_as_expected,93.34,approved
R0003445,O0047166,I00093407,2023-02-25,not_as_expected,258.7,approved
R0003446,O0047176,I00093421,2026-01-10,damaged,274.12,approved
R0003447,O0047181,I00093430,2024-04-02,changed_mind,63.82,rejected
R0003448,O0047200,I00093476,2024-05-30,wrong_size,19.84,approved
R0003449,O0047221,I00093521,2024-10-20,wrong_size,23.78,approved
R0003450,O0047266,I00093618,2025-04-11,not_as_expected,79.91,approved
R0003451,O0047267,I00093619,2023-09-21,damaged,55.56,approved
R0003452,O0047271,I00093625,2024-01-16,not_as_expected,109.9,approved
R0003453,O0047292,I00093665,2024-04-21,damaged,37.69,rejected
R0003454,O0047314,I00093707,2023-12-11,damaged,74,approved
R0003455,O0047315,I00093708,2023-12-03,wrong_size,210.47,approved
R0003456,O0047318,I00093712,2024-05-04,not_as_expected,550.41,approved
R0003457,O0047321,I00093720,2023-07-18,changed_mind,108.32,approved
R0003458,O0047344,I00093758,2025-03-16,changed_mind,139.66,approved
R0003459,O0047353,I00093774,2023-10-16,not_as_expected,42.28,approved
R0003460,O0047359,I00093784,2023-05-26,not_as_expected,283.21,approved
R0003461,O0047363,I00093792,2023-05-09,late_delivery,191.8,approved
R0003462,O0047393,I00093850,2025-04-05,not_as_expected,67.33,approved
R0003463,O0047400,I00093874,2024-10-31,not_as_expected,38.67,approved
R0003464,O0047419,I00093905,2025-10-14,not_as_expected,122.29,approved
R0003465,O0047420,I00093906,2023-04-14,changed_mind,234.62,approved
R0003466,O0047432,I00093925,2024-05-15,not_as_expected,335.62,approved
R0003467,O0047439,I00093939,2023-10-18,late_delivery,3.51,approved
R0003468,O0047448,I00093952,2023-07-08,wrong_size,113.38,approved
R0003469,O0047501,I00094055,2025-06-11,late_delivery,115.43,approved
R0003470,O0047527,I00094104,2024-01-29,damaged,38.14,approved
R0003471,O0047534,I00094117,2024-05-09,damaged,16.75,approved
R0003472,O0047550,I00094145,2024-07-12,wrong_size,66.25,approved
R0003473,O0047557,I00094155,2023-12-25,damaged,257.19,approved
R0003474,O0047568,I00094179,2023-05-23,changed_mind,121.82,approved
R0003475,O0047573,I00094189,2023-11-15,late_delivery,150.64,approved
R0003476,O0047574,I00094192,2024-02-25,late_delivery,259.86,approved
R0003477,O0047575,I00094193,2024-05-26,changed_mind,9.27,approved
R0003478,O0047578,I00094198,2024-01-02,wrong_size,12,approved
R0003479,O0047583,I00094212,2024-12-17,damaged,95.64,rejected
R0003480,O0047593,I00094243,2025-06-26,wrong_size,12.48,approved
R0003481,O0047609,I00094264,2025-12-14,changed_mind,92.48,approved
R0003482,O0047648,I00094335,2024-12-22,wrong_size,57.71,approved
R0003483,O0047654,I00094344,2023-06-12,late_delivery,29.07,approved
R0003484,O0047662,I00094359,2025-10-27,not_as_expected,45.75,approved
R0003485,O0047666,I00094364,2026-01-06,not_as_expected,26.73,approved
R0003486,O0047684,I00094399,2024-06-08,late_delivery,59.75,approved
R0003487,O0047685,I00094402,2025-05-10,late_delivery,108.79,approved
R0003488,O0047700,I00094438,2024-04-28,late_delivery,318.95,approved
R0003489,O0047713,I00094462,2025-05-19,wrong_size,81.8,approved
R0003490,O0047721,I00094472,2025-09-02,late_delivery,14.3,approved
R0003491,O0047724,I00094477,2025-01-31,not_as_expected,236.92,approved
R0003492,O0047729,I00094485,2023-08-08,damaged,74.92,approved
R0003493,O0047732,I00094494,2023-08-13,changed_mind,16.33,approved
R0003494,O0047741,I00094513,2024-05-11,not_as_expected,68.19,approved
R0003495,O0047747,I00094527,2023-09-02,not_as_expected,217.9,approved
R0003496,O0047755,I00094544,2024-12-08,wrong_size,78.67,approved
R0003497,O0047768,I00094572,2024-06-12,changed_mind,67.85,approved
R0003498,O0047779,I00094595,2025-03-24,not_as_expected,230.44,approved
R0003499,O0047781,I00094597,2024-01-14,wrong_size,80.1,approved
R0003500,O0047788,I00094614,2024-11-28,wrong_size,37.49,approved
R0003501,O0047793,I00094625,2023-02-08,damaged,38.28,approved
R0003502,O0047812,I00094665,2024-07-26,wrong_size,71.23,approved
R0003503,O0047824,I00094690,2024-01-25,damaged,182.04,approved
R0003504,O0047860,I00094766,2025-09-05,damaged,13.72,rejected
R0003505,O0047871,I00094789,2023-01-24,damaged,40.3,approved
R0003506,O0047872,I00094792,2023-08-04,changed_mind,75.11,approved
R0003507,O0047895,I00094836,2024-05-04,not_as_expected,141.62,approved
R0003508,O0047910,I00094862,2025-09-05,not_as_expected,727.55,approved
R0003509,O0047929,I00094896,2025-03-15,not_as_expected,42.29,approved
R0003510,O0047933,I00094900,2024-08-01,not_as_expected,130.77,approved
R0003511,O0047934,I00094901,2024-08-30,changed_mind,82.01,rejected
R0003512,O0047979,I00094990,2024-12-26,not_as_expected,104.27,approved
R0003513,O0047991,I00095010,2024-03-26,not_as_expected,75.13,approved
R0003514,O0047995,I00095024,2024-12-27,changed_mind,25.11,approved
R0003515,O0048011,I00095056,2023-10-26,changed_mind,21.35,approved
R0003516,O0048013,I00095060,2024-11-21,wrong_size,266.11,rejected
R0003517,O0048024,I00095081,2023-12-29,not_as_expected,62.65,approved
R0003518,O0048028,I00095091,2024-11-28,damaged,178.99,approved
R0003519,O0048031,I00095097,2025-10-14,changed_mind,53.24,approved
R0003520,O0048055,I00095157,2023-01-17,not_as_expected,72.03,approved
R0003521,O0048062,I00095172,2025-10-27,not_as_expected,65.59,approved
R0003522,O0048074,I00095197,2025-11-13,changed_mind,27.46,approved
R0003523,O0048081,I00095212,2024-10-13,wrong_size,72.18,approved
R0003524,O0048095,I00095233,2024-03-17,late_delivery,84.7,approved
R0003525,O0048124,I00095296,2025-09-14,changed_mind,98.25,approved
R0003526,O0048137,I00095320,2026-01-09,damaged,27.85,approved
R0003527,O0048169,I00095380,2023-09-30,changed_mind,120.63,approved
R0003528,O0048174,I00095389,2023-07-27,not_as_expected,64.28,approved
R0003529,O0048180,I00095400,2024-05-17,changed_mind,10.86,approved
R0003530,O0048198,I00095434,2023-03-10,late_delivery,265.12,approved
R0003531,O0048204,I00095448,2025-02-17,late_delivery,6.34,approved
R0003532,O0048212,I00095467,2024-08-09,not_as_expected,19.2,rejected
R0003533,O0048225,I00095492,2024-10-21,wrong_size,9.47,approved
R0003534,O0048229,I00095497,2023-11-23,late_delivery,56.1,approved
R0003535,O0048234,I00095508,2024-10-04,not_as_expected,134.5,approved
R0003536,O0048258,I00095564,2024-12-05,not_as_expected,83.09,approved
R0003537,O0048259,I00095567,2023-11-17,damaged,48.34,approved
R0003538,O0048272,I00095588,2025-12-27,not_as_expected,164.18,approved
R0003539,O0048296,I00095638,2025-10-12,not_as_expected,146.19,approved
R0003540,O0048298,I00095642,2023-02-15,not_as_expected,20.27,approved
R0003541,O0048304,I00095651,2023-08-18,not_as_expected,6.52,approved
R0003542,O0048336,I00095721,2023-12-28,not_as_expected,66.31,approved
R0003543,O0048350,I00095743,2023-06-28,wrong_size,79.6,approved
R0003544,O0048353,I00095747,2025-09-04,wrong_size,44.17,approved
R0003545,O0048368,I00095777,2024-06-27,not_as_expected,32.29,approved
R0003546,O0048369,I00095779,2024-12-29,wrong_size,480.41,rejected
R0003547,O0048389,I00095818,2025-11-28,not_as_expected,24.53,approved
R0003548,O0048399,I00095834,2023-07-23,not_as_expected,63.17,approved
R0003549,O0048405,I00095845,2026-01-14,wrong_size,80.36,rejected
R0003550,O0048408,I00095850,2024-12-25,late_delivery,4.73,approved
R0003551,O0048437,I00095911,2025-11-10,not_as_expected,10.33,approved
R0003552,O0048451,I00095941,2025-07-12,not_as_expected,4.98,approved
R0003553,O0048453,I00095948,2025-05-26,changed_mind,64.07,approved
R0003554,O0048485,I00096010,2024-04-28,damaged,988.08,approved
R0003555,O0048489,I00096016,2025-09-13,damaged,92.73,approved
R0003556,O0048492,I00096021,2025-09-30,not_as_expected,269.58,approved
R0003557,O0048505,I00096038,2025-03-15,late_delivery,52.83,approved
R0003558,O0048507,I00096042,2023-01-25,not_as_expected,21.55,approved
R0003559,O0048508,I00096043,2025-02-12,not_as_expected,27.88,approved
R0003560,O0048519,I00096062,2025-01-11,late_delivery,22.3,approved
R0003561,O0048522,I00096069,2024-03-18,damaged,230.77,approved
R0003562,O0048527,I00096082,2025-08-07,wrong_size,20.53,approved
R0003563,O0048537,I00096104,2024-12-27,not_as_expected,18.96,approved
R0003564,O0048553,I00096133,2023-11-17,not_as_expected,813.36,approved
R0003565,O0048586,I00096188,2023-10-22,not_as_expected,35.25,rejected
R0003566,O0048612,I00096236,2025-04-01,changed_mind,6.78,approved
R0003567,O0048614,I00096241,2025-10-27,not_as_expected,281.76,approved
R0003568,O0048647,I00096303,2023-12-29,damaged,1593.36,approved
R0003569,O0048659,I00096327,2024-11-20,wrong_size,60.63,approved
R0003570,O0048677,I00096368,2025-03-08,wrong_size,197.04,rejected
R0003571,O0048687,I00096392,2025-03-29,wrong_size,1360.3,approved
R0003572,O0048692,I00096399,2025-09-29,late_delivery,23.76,approved
R0003573,O0048707,I00096430,2023-06-20,wrong_size,28.5,approved
R0003574,O0048742,I00096509,2025-09-13,late_delivery,84.85,approved
R0003575,O0048771,I00096572,2023-08-12,not_as_expected,555.33,approved
R0003576,O0048777,I00096584,2024-05-15,damaged,123.48,approved
R0003577,O0048786,I00096602,2025-02-06,damaged,21.96,approved
R0003578,O0048817,I00096663,2024-11-16,late_delivery,188.87,approved
R0003579,O0048818,I00096667,2026-01-16,damaged,215.33,approved
R0003580,O0048824,I00096682,2025-04-28,not_as_expected,144.47,approved
R0003581,O0048842,I00096716,2023-08-20,late_delivery,755.11,approved
R0003582,O0048852,I00096735,2024-05-18,damaged,58.87,approved
R0003583,O0048868,I00096765,2025-02-14,not_as_expected,13.41,approved
R0003584,O0048871,I00096774,2025-07-23,not_as_expected,44.78,approved
R0003585,O0048891,I00096812,2025-06-06,damaged,8.41,approved
R0003586,O0048907,I00096841,2023-07-05,damaged,74.14,approved
R0003587,O0048915,I00096859,2023-02-12,not_as_expected,37.35,approved
R0003588,O0048922,I00096869,2023-12-19,not_as_expected,52.38,approved
R0003589,O0048936,I00096894,2023-03-26,wrong_size,39.03,approved
R0003590,O0048951,I00096928,2025-08-06,changed_mind,118.99,approved
R0003591,O0048954,I00096938,2024-11-28,damaged,68.97,approved
R0003592,O0048966,I00096958,2023-06-05,not_as_expected,103.65,approved
R0003593,O0048973,I00096973,2025-12-09,damaged,110.03,approved
R0003594,O0048978,I00096982,2024-04-25,not_as_expected,341.96,approved
R0003595,O0048987,I00097004,2024-06-25,late_delivery,194.97,rejected
R0003596,O0049025,I00097080,2024-07-31,not_as_expected,56.74,approved
R0003597,O0049030,I00097085,2024-06-03,damaged,17.33,approved
R0003598,O0049062,I00097148,2023-12-21,not_as_expected,88.4,approved
R0003599,O0049066,I00097156,2023-08-20,wrong_size,434.18,rejected
R0003600,O0049084,I00097186,2024-12-25,not_as_expected,185.25,approved
R0003601,O0049118,I00097258,2023-03-20,damaged,93.34,approved
R0003602,O0049134,I00097295,2024-11-28,wrong_size,2.69,approved
R0003603,O0049171,I00097361,2024-10-09,damaged,18.18,rejected
R0003604,O0049175,I00097370,2024-12-02,late_delivery,60.85,approved
R0003605,O0049184,I00097388,2025-12-22,not_as_expected,141.78,approved
R0003606,O0049217,I00097454,2025-12-09,not_as_expected,99.9,rejected
R0003607,O0049220,I00097461,2024-07-12,changed_mind,183.35,approved
R0003608,O0049226,I00097470,2025-04-10,changed_mind,230.88,approved
R0003609,O0049240,I00097496,2024-01-07,late_delivery,2.97,approved
R0003610,O0049241,I00097497,2023-09-13,wrong_size,761.98,approved
R0003611,O0049253,I00097516,2024-08-20,wrong_size,96.82,approved
R0003612,O0049258,I00097524,2024-07-12,not_as_expected,98.94,approved
R0003613,O0049267,I00097541,2023-06-07,not_as_expected,49.41,approved
R0003614,O0049296,I00097596,2024-11-01,wrong_size,38.35,approved
R0003615,O0049323,I00097652,2023-02-13,not_as_expected,402.43,rejected
R0003616,O0049336,I00097687,2024-10-15,late_delivery,24.35,approved
R0003617,O0049338,I00097690,2024-04-22,not_as_expected,47.71,rejected
R0003618,O0049352,I00097724,2023-09-19,not_as_expected,77.75,approved
R0003619,O0049353,I00097729,2025-07-30,not_as_expected,103.51,approved
R0003620,O0049359,I00097745,2023-12-07,wrong_size,80.31,approved
R0003621,O0049372,I00097769,2024-07-02,not_as_expected,35.54,approved
R0003622,O0049374,I00097771,2025-01-05,damaged,215.51,approved
R0003623,O0049380,I00097780,2025-07-30,late_delivery,11.85,approved
R0003624,O0049407,I00097839,2025-02-17,damaged,37.01,approved
R0003625,O0049408,I00097840,2023-12-12,not_as_expected,6.55,rejected
R0003626,O0049412,I00097849,2025-06-22,damaged,98.18,approved
R0003627,O0049413,I00097850,2023-09-14,late_delivery,153.96,approved
R0003628,O0049431,I00097888,2025-09-29,not_as_expected,170.72,approved
R0003629,O0049432,I00097891,2023-12-31,wrong_size,11.45,approved
R0003630,O0049451,I00097925,2025-12-11,not_as_expected,42.2,approved
R0003631,O0049453,I00097932,2023-03-22,late_delivery,115.55,approved
R0003632,O0049478,I00097982,2024-09-10,not_as_expected,15.56,approved
R0003633,O0049519,I00098068,2025-01-13,wrong_size,90.02,approved
R0003634,O0049534,I00098103,2023-03-08,wrong_size,9.41,approved
R0003635,O0049550,I00098128,2025-05-06,not_as_expected,237.58,approved
R0003636,O0049551,I00098129,2023-11-15,not_as_expected,75.59,approved
R0003637,O0049567,I00098155,2024-12-15,changed_mind,53.26,approved
R0003638,O0049571,I00098161,2023-10-19,not_as_expected,93.18,approved
R0003639,O0049574,I00098168,2025-04-28,not_as_expected,124.07,approved
R0003640,O0049576,I00098173,2024-02-06,not_as_expected,107.32,approved
R0003641,O0049579,I00098179,2024-11-19,not_as_expected,66.44,approved
R0003642,O0049582,I00098185,2025-10-14,not_as_expected,113.99,approved
R0003643,O0049594,I00098207,2026-01-07,damaged,165.6,approved
R0003644,O0049604,I00098233,2023-04-23,not_as_expected,145.39,approved
R0003645,O0049607,I00098239,2024-04-17,changed_mind,320.05,approved
R0003646,O0049621,I00098267,2023-07-08,wrong_size,28.85,approved
R0003647,O0049643,I00098323,2024-02-21,not_as_expected,23.12,approved
R0003648,O0049656,I00098354,2025-10-09,not_as_expected,51.51,rejected
R0003649,O0049661,I00098361,2024-06-08,not_as_expected,44.92,approved
R0003650,O0049667,I00098382,2023-09-23,late_delivery,19.26,approved
R0003651,O0049677,I00098408,2023-11-17,changed_mind,3.5,approved
R0003652,O0049679,I00098411,2024-01-04,wrong_size,71.82,approved
R0003653,O0049685,I00098426,2023-06-23,late_delivery,19.34,approved
R0003654,O0049708,I00098474,2023-07-05,late_delivery,6.06,approved
R0003655,O0049730,I00098514,2023-01-18,damaged,58.41,approved
R0003656,O0049742,I00098535,2025-12-21,late_delivery,100.59,approved
R0003657,O0049801,I00098678,2024-07-16,not_as_expected,138.49,approved
R0003658,O0049825,I00098723,2025-12-20,not_as_expected,141.88,approved
R0003659,O0049837,I00098741,2024-07-19,changed_mind,88.97,approved
R0003660,O0049871,I00098807,2023-05-18,not_as_expected,264.52,approved
R0003661,O0049877,I00098819,2024-09-16,late_delivery,54.26,approved
R0003662,O0049884,I00098832,2023-10-21,late_delivery,43.54,approved
R0003663,O0049904,I00098865,2023-08-06,damaged,21.11,approved
R0003664,O0049916,I00098890,2024-03-02,wrong_size,86.62,approved
R0003665,O0049923,I00098903,2024-11-16,not_as_expected,66.69,approved
R0003666,O0049925,I00098909,2025-03-10,changed_mind,261.62,approved
R0003667,O0049940,I00098936,2024-01-18,damaged,41.05,approved
R0003668,O0049964,I00098980,2024-09-29,changed_mind,118.72,approved
R0003669,O0049966,I00098986,2023-09-08,changed_mind,9.96,approved
R0003670,O0049972,I00098995,2024-03-27,not_as_expected,30.12,approved
R0003671,O0049978,I00099011,2025-11-14,changed_mind,107.37,approved
R0003672,O0049980,I00099020,2023-04-02,changed_mind,13.98,approved
R0003673,O0049987,I00099032,2024-10-12,changed_mind,26.77,approved
R0003674,O0050038,I00099142,2025-05-27,wrong_size,42.69,approved
R0003675,O0050065,I00099193,2025-07-19,not_as_expected,48.43,approved
R0003676,O0050114,I00099283,2025-04-06,not_as_expected,28.96,approved
R0003677,O0050133,I00099317,2024-02-04,wrong_size,49.4,approved
R0003678,O0050139,I00099330,2025-10-04,not_as_expected,7.7,approved
R0003679,O0050157,I00099365,2023-05-04,not_as_expected,20.83,approved
R0003680,O0050175,I00099406,2025-08-01,changed_mind,53.32,approved
R0003681,O0050184,I00099421,2024-06-22,not_as_expected,26.76,approved
R0003682,O0050214,I00099477,2025-06-13,changed_mind,11.72,approved
R0003683,O0050237,I00099524,2023-12-10,damaged,57.66,approved
R0003684,O0050287,I00099612,2023-04-27,damaged,7.63,approved
R0003685,O0050305,I00099640,2025-12-15,changed_mind,57.45,approved
R0003686,O0050307,I00099642,2024-12-09,damaged,304.16,approved
R0003687,O0050313,I00099650,2024-05-30,not_as_expected,73.04,approved
R0003688,O0050326,I00099674,2025-12-22,not_as_expected,22.94,approved
R0003689,O0050332,I00099681,2024-02-19,late_delivery,55.79,approved
R0003690,O0050335,I00099689,2023-05-26,not_as_expected,100.75,approved
R0003691,O0050358,I00099736,2025-09-23,damaged,55.52,approved
R0003692,O0050361,I00099740,2024-12-02,damaged,109.25,approved
R0003693,O0050386,I00099788,2023-12-15,damaged,813.68,approved
R0003694,O0050400,I00099810,2024-09-25,changed_mind,11.26,approved
R0003695,O0050407,I00099830,2024-12-30,not_as_expected,137.91,approved
R0003696,O0050428,I00099871,2025-11-26,damaged,4.86,approved
R0003697,O0050444,I00099906,2023-12-31,damaged,39.16,approved
R0003698,O0050447,I00099911,2025-01-01,changed_mind,12.18,approved
R0003699,O0050451,I00099920,2023-07-06,not_as_expected,36.07,approved
R0003700,O0050458,I00099936,2025-04-23,wrong_size,12.67,approved
R0003701,O0050459,I00099940,2024-03-03,damaged,216.78,approved
R0003702,O0050475,I00099964,2024-11-28,not_as_expected,59.04,approved
R0003703,O0050481,I00099974,2024-12-18,damaged,5.18,approved
R0003704,O0050491,I00099990,2024-08-02,damaged,55.61,approved
R0003705,O0050534,I00100078,2025-03-19,late_delivery,22.97,approved
R0003706,O0050538,I00100094,2023-10-12,not_as_expected,20.85,approved
R0003707,O0050540,I00100100,2023-10-05,not_as_expected,14.96,approved
R0003708,O0050545,I00100111,2025-12-28,wrong_size,19.75,rejected
R0003709,O0050595,I00100201,2026-01-03,late_delivery,164,approved
R0003710,O0050602,I00100216,2024-09-05,damaged,259.6,approved
R0003711,O0050642,I00100296,2025-06-10,not_as_expected,72.8,approved
R0003712,O0050654,I00100324,2025-01-29,changed_mind,817.83,approved
R0003713,O0050656,I00100327,2024-02-21,changed_mind,117.06,approved
R0003714,O0050681,I00100376,2024-03-18,late_delivery,83.58,approved
R0003715,O0050768,I00100551,2023-10-22,not_as_expected,167.88,approved
R0003716,O0050773,I00100563,2025-01-05,wrong_size,21.99,approved
R0003717,O0050775,I00100565,2024-12-18,changed_mind,97.19,approved
R0003718,O0050779,I00100577,2023-03-27,not_as_expected,66.3,approved
R0003719,O0050782,I00100584,2025-04-13,damaged,7.57,approved
R0003720,O0050785,I00100591,2024-03-06,not_as_expected,8.37,approved
R0003721,O0050786,I00100592,2025-08-17,damaged,18.07,approved
R0003722,O0050817,I00100661,2023-12-04,not_as_expected,503.92,approved
R0003723,O0050828,I00100681,2024-07-12,wrong_size,24.98,approved
R0003724,O0050842,I00100712,2023-04-25,changed_mind,143.26,approved
R0003725,O0050858,I00100751,2025-04-25,wrong_size,9.8,approved
R0003726,O0050902,I00100829,2023-06-04,changed_mind,13.5,approved
R0003727,O0050923,I00100874,2025-07-18,not_as_expected,62.39,rejected
R0003728,O0050925,I00100877,2023-09-09,changed_mind,38.9,approved
R0003729,O0050929,I00100886,2023-04-27,late_delivery,94.5,approved
R0003730,O0050939,I00100903,2023-06-11,changed_mind,82.75,approved
R0003731,O0050944,I00100910,2024-11-05,damaged,711.67,approved
R0003732,O0050968,I00100951,2023-02-12,wrong_size,1080.66,approved
R0003733,O0050973,I00100959,2023-12-24,not_as_expected,23.81,approved
R0003734,O0051024,I00101054,2023-03-10,wrong_size,11.27,rejected
R0003735,O0051040,I00101080,2025-10-10,not_as_expected,17.05,rejected
R0003736,O0051053,I00101100,2026-01-03,late_delivery,244.04,approved
R0003737,O0051060,I00101112,2025-12-07,damaged,260.45,approved
R0003738,O0051067,I00101124,2023-12-04,late_delivery,59.23,approved
R0003739,O0051086,I00101161,2023-02-03,changed_mind,22.82,approved
R0003740,O0051087,I00101162,2025-12-22,damaged,101.57,approved
R0003741,O0051093,I00101173,2025-01-25,wrong_size,175.52,approved
R0003742,O0051103,I00101194,2025-09-08,damaged,33.44,approved
R0003743,O0051112,I00101210,2025-04-11,not_as_expected,16.94,approved
R0003744,O0051119,I00101228,2023-11-04,wrong_size,37.09,approved
R0003745,O0051122,I00101232,2024-03-21,wrong_size,74.31,approved
R0003746,O0051136,I00101258,2025-10-14,changed_mind,66.9,rejected
R0003747,O0051147,I00101280,2025-12-30,damaged,368.71,approved
R0003748,O0051160,I00101306,2023-04-28,not_as_expected,26.72,approved
R0003749,O0051170,I00101329,2024-07-24,not_as_expected,97.52,approved
R0003750,O0051173,I00101340,2025-05-25,late_delivery,441.01,approved
R0003751,O0051179,I00101351,2025-11-01,damaged,324.72,approved
R0003752,O0051208,I00101400,2024-01-05,not_as_expected,40.2,approved
R0003753,O0051217,I00101417,2023-09-18,changed_mind,27.31,approved
R0003754,O0051219,I00101420,2024-07-06,late_delivery,12.36,approved
R0003755,O0051224,I00101432,2025-10-16,wrong_size,31.98,approved
R0003756,O0051275,I00101534,2025-04-16,wrong_size,5.48,approved
R0003757,O0051289,I00101560,2023-01-23,late_delivery,34.23,approved
R0003758,O0051301,I00101582,2025-12-30,changed_mind,52.09,approved
R0003759,O0051314,I00101604,2024-02-18,damaged,3.26,approved
R0003760,O0051317,I00101612,2024-10-07,wrong_size,17.36,approved
R0003761,O0051344,I00101670,2024-08-02,damaged,16.26,approved
R0003762,O0051347,I00101677,2025-01-28,late_delivery,216.13,approved
R0003763,O0051353,I00101689,2024-03-25,wrong_size,120.78,approved
R0003764,O0051356,I00101696,2025-10-12,damaged,121.78,approved
R0003765,O0051357,I00101697,2023-09-18,not_as_expected,133.83,approved
R0003766,O0051362,I00101713,2023-09-16,damaged,27.39,approved
R0003767,O0051365,I00101720,2025-03-17,changed_mind,106.58,approved
R0003768,O0051369,I00101727,2025-05-13,not_as_expected,79.88,approved
R0003769,O0051376,I00101737,2023-07-17,damaged,81.18,approved
R0003770,O0051406,I00101789,2025-01-01,not_as_expected,53.78,approved
R0003771,O0051418,I00101808,2023-01-20,wrong_size,7.12,approved
R0003772,O0051521,I00102021,2025-06-14,wrong_size,711.26,approved
R0003773,O0051523,I00102025,2023-09-18,not_as_expected,35.86,approved
R0003774,O0051528,I00102037,2024-02-02,changed_mind,742.21,approved
R0003775,O0051533,I00102044,2023-12-22,wrong_size,143.97,approved
R0003776,O0051553,I00102075,2023-09-30,changed_mind,28.67,approved
R0003777,O0051592,I00102145,2025-01-21,not_as_expected,264.09,approved
R0003778,O0051610,I00102182,2025-01-10,changed_mind,53.86,approved
R0003779,O0051616,I00102195,2024-09-22,damaged,86.7,approved
R0003780,O0051622,I00102207,2024-12-19,changed_mind,169.66,approved
R0003781,O0051630,I00102230,2025-12-26,late_delivery,9.88,approved
R0003782,O0051638,I00102247,2025-01-06,wrong_size,4.86,rejected
R0003783,O0051680,I00102329,2025-08-16,damaged,79.63,approved
R0003784,O0051691,I00102350,2023-02-16,changed_mind,7.96,approved
R0003785,O0051719,I00102406,2023-11-17,wrong_size,190.15,approved
R0003786,O0051736,I00102434,2023-11-15,changed_mind,30.93,approved
R0003787,O0051757,I00102474,2023-09-09,late_delivery,335.4,approved
R0003788,O0051759,I00102478,2025-08-01,changed_mind,62.13,approved
R0003789,O0051760,I00102482,2024-06-28,not_as_expected,107,rejected
R0003790,O0051765,I00102490,2025-03-11,not_as_expected,206.55,approved
R0003791,O0051796,I00102566,2023-11-18,damaged,54.48,approved
R0003792,O0051803,I00102585,2024-05-19,not_as_expected,64.38,approved
R0003793,O0051822,I00102629,2024-11-17,changed_mind,13.57,approved
R0003794,O0051826,I00102638,2025-08-30,damaged,21.68,approved
R0003795,O0051838,I00102663,2024-12-31,wrong_size,10.35,approved
R0003796,O0051850,I00102684,2024-01-02,not_as_expected,119.57,approved
R0003797,O0051862,I00102713,2024-12-02,changed_mind,18.17,approved
R0003798,O0051868,I00102725,2025-02-11,late_delivery,155.04,rejected
R0003799,O0051892,I00102766,2024-01-02,changed_mind,37.24,approved
R0003800,O0051897,I00102782,2024-11-19,wrong_size,35.6,approved
R0003801,O0051910,I00102805,2025-05-26,damaged,184.27,approved
R0003802,O0051953,I00102891,2023-09-02,late_delivery,41.06,approved
R0003803,O0051957,I00102896,2025-06-08,not_as_expected,374.52,approved
R0003804,O0051970,I00102918,2024-07-01,wrong_size,13.72,approved
R0003805,O0051986,I00102954,2024-12-15,late_delivery,42.81,approved
R0003806,O0051989,I00102961,2023-02-23,late_delivery,31.98,approved
R0003807,O0052016,I00103008,2023-04-23,damaged,78.35,approved
R0003808,O0052019,I00103012,2024-01-28,wrong_size,10.5,approved
R0003809,O0052035,I00103039,2023-08-27,late_delivery,23.46,approved
R0003810,O0052043,I00103058,2023-07-17,damaged,727.9,approved
R0003811,O0052046,I00103063,2024-01-08,changed_mind,177.12,rejected
R0003812,O0052071,I00103113,2025-05-24,not_as_expected,415.54,rejected
R0003813,O0052077,I00103126,2025-11-02,wrong_size,69.79,approved
R0003814,O0052080,I00103133,2024-05-28,not_as_expected,336.62,approved
R0003815,O0052084,I00103138,2023-09-24,changed_mind,70.86,approved
R0003816,O0052087,I00103142,2023-04-15,late_delivery,61.5,approved
R0003817,O0052092,I00103152,2024-02-18,damaged,52.6,approved
R0003818,O0052142,I00103253,2023-11-22,wrong_size,1943.37,approved
R0003819,O0052148,I00103264,2026-01-22,changed_mind,10.74,approved
R0003820,O0052164,I00103290,2024-02-11,damaged,51.93,approved
R0003821,O0052165,I00103293,2025-08-05,not_as_expected,40.93,approved
R0003822,O0052175,I00103315,2026-01-23,damaged,56.14,approved
R0003823,O0052191,I00103344,2025-04-26,late_delivery,295.82,approved
R0003824,O0052217,I00103405,2024-06-25,not_as_expected,1168.01,approved
R0003825,O0052233,I00103438,2025-10-28,wrong_size,282.46,approved
R0003826,O0052241,I00103452,2024-08-05,damaged,17.93,approved
R0003827,O0052247,I00103461,2024-03-14,changed_mind,428.58,approved
R0003828,O0052316,I00103612,2024-04-09,wrong_size,79.19,approved
R0003829,O0052326,I00103634,2024-02-11,not_as_expected,56.93,approved
R0003830,O0052354,I00103696,2025-12-12,not_as_expected,37.8,approved
R0003831,O0052357,I00103700,2024-02-11,wrong_size,88.59,approved
R0003832,O0052360,I00103704,2025-08-18,wrong_size,125.55,approved
R0003833,O0052364,I00103709,2024-08-19,wrong_size,519.7,approved
R0003834,O0052379,I00103745,2024-08-12,changed_mind,13.02,approved
R0003835,O0052405,I00103791,2024-05-19,not_as_expected,1.93,approved
R0003836,O0052445,I00103867,2025-10-23,wrong_size,233.03,approved
R0003837,O0052452,I00103882,2025-11-13,wrong_size,39.17,approved
R0003838,O0052486,I00103946,2024-12-13,not_as_expected,5.29,approved
R0003839,O0052487,I00103949,2025-10-09,changed_mind,24.92,approved
R0003840,O0052498,I00103966,2024-01-04,not_as_expected,102.71,approved
R0003841,O0052507,I00103984,2025-01-13,wrong_size,292.67,approved
R0003842,O0052535,I00104040,2025-11-29,damaged,66.01,approved
R0003843,O0052551,I00104068,2025-12-31,damaged,146.92,approved
R0003844,O0052586,I00104138,2023-06-05,damaged,9.28,approved
R0003845,O0052611,I00104190,2025-10-16,damaged,34.91,approved
R0003846,O0052663,I00104294,2024-02-25,not_as_expected,3.89,approved
R0003847,O0052701,I00104367,2024-02-18,damaged,274.75,approved
R0003848,O0052706,I00104382,2024-04-25,not_as_expected,10.35,approved
R0003849,O0052748,I00104466,2025-07-30,wrong_size,126.32,approved
R0003850,O0052759,I00104486,2025-10-11,late_delivery,7.95,approved
R0003851,O0052763,I00104493,2023-03-25,damaged,70.39,rejected
R0003852,O0052765,I00104497,2023-08-01,changed_mind,389.85,approved
R0003853,O0052769,I00104504,2024-01-17,not_as_expected,56.84,approved
R0003854,O0052793,I00104548,2023-09-25,wrong_size,9.61,approved
R0003855,O0052804,I00104567,2024-11-23,not_as_expected,261.69,rejected
R0003856,O0052818,I00104593,2025-09-30,late_delivery,51.97,approved
R0003857,O0052820,I00104598,2025-11-28,not_as_expected,9.79,approved
R0003858,O0052824,I00104610,2024-02-28,damaged,387.7,approved
R0003859,O0052827,I00104614,2025-02-10,not_as_expected,801.48,approved
R0003860,O0052833,I00104631,2024-05-02,damaged,82.77,approved
R0003861,O0052847,I00104659,2025-11-30,changed_mind,53.62,approved
R0003862,O0052848,I00104661,2024-10-17,damaged,9.47,approved
R0003863,O0052851,I00104668,2023-03-25,changed_mind,49.05,approved
R0003864,O0052859,I00104683,2023-11-16,late_delivery,733.76,approved
R0003865,O0052869,I00104703,2023-03-05,not_as_expected,51.92,rejected
R0003866,O0052872,I00104707,2025-08-21,not_as_expected,212.66,approved
R0003867,O0052873,I00104708,2024-08-18,damaged,97.75,approved
R0003868,O0052877,I00104715,2025-09-16,wrong_size,50.28,approved
R0003869,O0052898,I00104759,2026-01-20,changed_mind,413.78,approved
R0003870,O0052904,I00104767,2023-04-13,not_as_expected,53.34,rejected
R0003871,O0052914,I00104787,2025-02-23,damaged,79.42,approved
R0003872,O0052930,I00104819,2023-11-01,not_as_expected,116.4,approved
R0003873,O0052933,I00104826,2025-08-02,damaged,4.68,approved
R0003874,O0052939,I00104837,2026-01-14,not_as_expected,129.59,approved
R0003875,O0052942,I00104843,2024-08-22,not_as_expected,545.92,approved
R0003876,O0052948,I00104859,2023-12-30,damaged,27.75,approved
R0003877,O0052951,I00104862,2023-11-18,late_delivery,107.26,approved
R0003878,O0052954,I00104869,2024-09-02,changed_mind,189.07,approved
R0003879,O0052974,I00104909,2023-11-24,not_as_expected,16.69,approved
R0003880,O0052993,I00104952,2025-09-02,wrong_size,59.86,approved
R0003881,O0053040,I00105041,2024-12-19,damaged,324.6,approved
R0003882,O0053054,I00105070,2025-09-10,not_as_expected,27.38,approved
R0003883,O0053082,I00105127,2025-07-07,changed_mind,6.3,approved
R0003884,O0053088,I00105139,2025-01-02,damaged,54.94,rejected
R0003885,O0053090,I00105142,2024-10-16,not_as_expected,533.3,approved
R0003886,O0053095,I00105149,2025-03-20,damaged,12.1,approved
R0003887,O0053128,I00105213,2023-07-24,damaged,31.16,approved
R0003888,O0053212,I00105368,2023-12-18,damaged,47.7,approved
R0003889,O0053227,I00105401,2023-06-29,not_as_expected,61.44,rejected
R0003890,O0053232,I00105412,2023-04-23,not_as_expected,87.78,approved
R0003891,O0053235,I00105417,2023-12-01,damaged,7.83,approved
R0003892,O0053244,I00105436,2023-12-20,damaged,295.38,approved
R0003893,O0053248,I00105445,2025-12-23,not_as_expected,30.3,approved
R0003894,O0053259,I00105472,2025-07-01,not_as_expected,169.92,approved
R0003895,O0053284,I00105521,2025-02-03,wrong_size,84.47,approved
R0003896,O0053288,I00105528,2023-04-19,changed_mind,73.03,approved
R0003897,O0053292,I00105534,2023-08-07,wrong_size,8.11,approved
R0003898,O0053293,I00105536,2023-11-09,late_delivery,49.18,approved
R0003899,O0053334,I00105622,2024-08-01,changed_mind,141.46,approved
R0003900,O0053336,I00105626,2024-10-27,wrong_size,176.24,approved
R0003901,O0053339,I00105632,2023-07-13,wrong_size,11.47,approved
R0003902,O0053343,I00105638,2025-10-31,wrong_size,85.53,approved
R0003903,O0053359,I00105672,2023-11-24,damaged,59.99,approved
R0003904,O0053362,I00105676,2023-07-28,damaged,90.68,approved
R0003905,O0053366,I00105689,2024-09-18,late_delivery,206.33,approved
R0003906,O0053371,I00105697,2023-12-19,damaged,86.69,approved
R0003907,O0053386,I00105727,2024-01-07,late_delivery,34.32,approved
R0003908,O0053430,I00105828,2023-12-27,late_delivery,195.91,approved
R0003909,O0053443,I00105850,2023-05-04,not_as_expected,42.12,approved
R0003910,O0053444,I00105853,2024-05-09,changed_mind,20.78,approved
R0003911,O0053455,I00105875,2023-07-26,not_as_expected,60.18,approved
R0003912,O0053459,I00105885,2023-03-15,not_as_expected,48.11,approved
R0003913,O0053463,I00105894,2023-11-19,changed_mind,9.25,rejected
R0003914,O0053469,I00105910,2026-01-18,late_delivery,613.52,approved
R0003915,O0053470,I00105913,2024-09-02,changed_mind,2.06,approved
R0003916,O0053494,I00105963,2023-12-17,not_as_expected,72.97,approved
R0003917,O0053502,I00105974,2025-05-22,not_as_expected,37.76,approved
R0003918,O0053506,I00105979,2025-05-13,not_as_expected,163.71,approved
R0003919,O0053508,I00105985,2025-05-26,damaged,373.69,approved
R0003920,O0053511,I00105990,2024-11-07,damaged,44.78,approved
R0003921,O0053516,I00105998,2024-04-28,late_delivery,222.63,approved
R0003922,O0053539,I00106043,2025-10-29,not_as_expected,79.65,approved
R0003923,O0053573,I00106118,2024-12-20,changed_mind,1.47,approved
R0003924,O0053581,I00106132,2025-02-24,changed_mind,5.71,approved
R0003925,O0053589,I00106145,2024-04-10,wrong_size,92.25,approved
R0003926,O0053600,I00106170,2023-08-01,damaged,371.11,approved
R0003927,O0053609,I00106184,2023-12-30,not_as_expected,80.39,approved
R0003928,O0053619,I00106202,2024-06-07,wrong_size,87.35,approved
R0003929,O0053646,I00106259,2024-08-18,damaged,6.53,rejected
R0003930,O0053654,I00106268,2024-05-26,late_delivery,135.06,approved
R0003931,O0053670,I00106298,2023-04-01,damaged,246.34,approved
R0003932,O0053697,I00106349,2023-11-29,damaged,73.25,approved
R0003933,O0053698,I00106351,2025-12-30,wrong_size,311.85,approved
R0003934,O0053699,I00106354,2024-11-09,wrong_size,72.32,approved
R0003935,O0053702,I00106359,2023-06-02,wrong_size,42.48,approved
R0003936,O0053704,I00106362,2024-10-25,changed_mind,79.22,approved
R0003937,O0053732,I00106415,2024-03-11,damaged,69.05,approved
R0003938,O0053734,I00106419,2025-01-10,not_as_expected,88.74,approved
R0003939,O0053741,I00106434,2023-02-04,wrong_size,17.33,rejected
R0003940,O0053780,I00106507,2024-09-23,not_as_expected,102.43,rejected
R0003941,O0053822,I00106584,2024-02-17,late_delivery,38.63,approved
R0003942,O0053825,I00106589,2025-12-17,late_delivery,50.84,approved
R0003943,O0053833,I00106608,2023-03-31,late_delivery,4.06,approved
R0003944,O0053837,I00106612,2023-07-20,late_delivery,36.34,rejected
R0003945,O0053838,I00106615,2025-08-08,late_delivery,219.32,approved
R0003946,O0053893,I00106729,2025-07-16,wrong_size,45.53,approved
R0003947,O0053897,I00106734,2025-03-19,wrong_size,11.71,approved
R0003948,O0053901,I00106742,2023-05-06,damaged,31.95,approved
R0003949,O0053916,I00106775,2024-12-18,changed_mind,19.66,rejected
R0003950,O0053944,I00106833,2025-08-11,damaged,3.83,rejected
R0003951,O0053966,I00106871,2025-11-20,damaged,65.19,approved
R0003952,O0053975,I00106889,2023-06-07,late_delivery,46.13,approved
R0003953,O0053989,I00106913,2024-06-23,damaged,383.08,approved
R0003954,O0053996,I00106930,2024-04-05,damaged,651.84,approved
R0003955,O0054000,I00106938,2025-03-07,not_as_expected,266.5,approved
R0003956,O0054009,I00106956,2025-01-17,late_delivery,217.49,rejected
R0003957,O0054011,I00106959,2024-08-25,changed_mind,26.9,rejected
R0003958,O0054025,I00106982,2023-11-28,wrong_size,109.76,approved
R0003959,O0054048,I00107037,2025-11-19,late_delivery,9.66,approved
R0003960,O0054070,I00107072,2023-12-23,damaged,56.72,approved
R0003961,O0054086,I00107100,2023-11-09,not_as_expected,85.06,approved
R0003962,O0054090,I00107109,2025-07-19,damaged,40.27,approved
R0003963,O0054101,I00107129,2025-05-10,damaged,800.9,approved
R0003964,O0054113,I00107149,2023-06-16,damaged,235.34,approved
R0003965,O0054117,I00107158,2023-04-24,wrong_size,97.18,approved
R0003966,O0054118,I00107160,2024-05-16,late_delivery,74.9,approved
R0003967,O0054141,I00107205,2026-01-13,changed_mind,111.72,rejected
R0003968,O0054146,I00107213,2025-02-08,wrong_size,93.68,approved
R0003969,O0054148,I00107216,2024-07-13,not_as_expected,23.3,approved
R0003970,O0054153,I00107224,2025-02-02,wrong_size,107.32,approved
R0003971,O0054156,I00107230,2025-08-13,not_as_expected,54.42,rejected
R0003972,O0054157,I00107232,2025-09-07,wrong_size,336.81,approved
R0003973,O0054178,I00107273,2023-10-08,damaged,737.6,approved
R0003974,O0054180,I00107276,2023-04-26,damaged,30.53,approved
R0003975,O0054185,I00107284,2023-06-04,changed_mind,241.8,approved
R0003976,O0054187,I00107287,2023-02-16,not_as_expected,55.36,approved
R0003977,O0054218,I00107358,2025-07-18,wrong_size,105.45,approved
R0003978,O0054242,I00107397,2023-08-17,not_as_expected,198.13,approved
R0003979,O0054257,I00107421,2024-08-04,not_as_expected,233.36,approved
R0003980,O0054272,I00107446,2024-10-11,late_delivery,8.25,approved
R0003981,O0054281,I00107462,2025-05-28,not_as_expected,124.72,approved
R0003982,O0054287,I00107472,2025-08-17,late_delivery,327.99,approved
R0003983,O0054301,I00107492,2025-05-20,not_as_expected,155.78,approved
R0003984,O0054304,I00107495,2024-08-09,wrong_size,260.14,approved
R0003985,O0054314,I00107516,2025-12-09,wrong_size,111.41,approved
R0003986,O0054324,I00107533,2024-07-01,wrong_size,101.85,approved
R0003987,O0054347,I00107579,2025-12-06,damaged,128.7,approved
R0003988,O0054348,I00107580,2025-10-20,not_as_expected,67.41,approved
R0003989,O0054354,I00107593,2025-08-06,damaged,711.88,approved
R0003990,O0054362,I00107612,2023-04-08,changed_mind,16.83,approved
R0003991,O0054367,I00107626,2023-10-10,wrong_size,21.51,rejected
R0003992,O0054384,I00107652,2025-03-10,wrong_size,9.89,approved
R0003993,O0054416,I00107718,2025-07-30,changed_mind,64.97,approved
R0003994,O0054439,I00107773,2025-05-01,not_as_expected,5.15,approved
R0003995,O0054440,I00107774,2025-05-25,not_as_expected,259.24,approved
R0003996,O0054447,I00107787,2024-11-29,changed_mind,88.35,rejected
R0003997,O0054468,I00107827,2025-12-30,damaged,58.78,approved
R0003998,O0054491,I00107861,2024-07-29,damaged,9,approved
R0003999,O0054523,I00107928,2024-03-15,not_as_expected,49.11,approved
R0004000,O0054524,I00107930,2023-07-18,changed_mind,116.2,approved
R0004001,O0054529,I00107939,2024-11-17,damaged,481.31,approved
R0004002,O0054543,I00107970,2025-08-18,damaged,55.64,approved
R0004003,O0054545,I00107974,2023-08-05,damaged,81.58,approved
R0004004,O0054549,I00107981,2024-02-21,changed_mind,11.12,approved
R0004005,O0054575,I00108036,2025-03-01,late_delivery,28.27,approved
R0004006,O0054602,I00108094,2024-01-08,damaged,105.77,approved
R0004007,O0054612,I00108116,2023-05-07,damaged,7.84,approved
R0004008,O0054616,I00108122,2023-05-20,wrong_size,86.36,approved
R0004009,O0054630,I00108149,2024-12-02,damaged,57.42,approved
R0004010,O0054645,I00108178,2024-06-11,wrong_size,62.99,approved
R0004011,O0054698,I00108289,2024-08-16,late_delivery,1680.5,approved
R0004012,O0054699,I00108290,2023-11-08,wrong_size,563.12,approved
R0004013,O0054706,I00108304,2024-10-04,not_as_expected,62.11,approved
R0004014,O0054709,I00108309,2025-07-26,wrong_size,29.31,approved
R0004015,O0054719,I00108328,2024-10-05,damaged,11.42,approved
R0004016,O0054722,I00108333,2023-03-18,damaged,9.1,approved
R0004017,O0054729,I00108346,2024-01-11,late_delivery,14.09,approved
R0004018,O0054735,I00108359,2023-03-13,not_as_expected,122.04,approved
R0004019,O0054736,I00108360,2024-11-08,wrong_size,51.63,approved
R0004020,O0054741,I00108370,2025-07-13,not_as_expected,62.51,approved
R0004021,O0054742,I00108371,2024-07-13,damaged,40.22,approved
R0004022,O0054754,I00108396,2023-12-31,changed_mind,74.99,approved
R0004023,O0054802,I00108485,2023-03-10,late_delivery,81.47,approved
R0004024,O0054822,I00108531,2025-08-04,late_delivery,13.66,approved
R0004025,O0054828,I00108541,2024-01-14,damaged,181.59,approved
R0004026,O0054831,I00108546,2024-04-04,changed_mind,483.63,approved
R0004027,O0054848,I00108574,2023-11-22,damaged,11.54,rejected
R0004028,O0054853,I00108587,2024-03-30,changed_mind,44.77,approved
R0004029,O0054856,I00108597,2025-11-08,wrong_size,18.81,approved
R0004030,O0054895,I00108660,2023-07-25,wrong_size,107.12,approved
R0004031,O0054899,I00108667,2024-11-23,not_as_expected,69.61,approved
R0004032,O0054924,I00108725,2025-01-26,wrong_size,112.33,approved
R0004033,O0054945,I00108771,2025-05-17,damaged,80.99,approved
R0004034,O0054959,I00108798,2024-04-06,not_as_expected,130.02,rejected
R0004035,O0054962,I00108805,2023-11-07,not_as_expected,216.26,approved
R0004036,O0054963,I00108807,2025-06-24,damaged,20.2,approved
R0004037,O0054981,I00108841,2025-10-29,not_as_expected,58.73,approved
R0004038,O0054997,I00108873,2023-08-22,damaged,10.14,approved
